address,city,country,province,propertyType,floorSizeValue,floorSizeUnit,lotSizeValue,lotSizeUnit,mostRecentStatus,numBathroom,numBedroom,yearBuilt,price
357,131,9,10,10,90.0,0,39204.0,2,2,0,2,1960,118000.0
1165,81,9,9,12,1824.0,0,10454.0,2,4,2,4,2025,408990.0
1245,58,9,20,13,1292.0,0,3484.8,1,4,2,2,1998,290000.0
709,97,9,9,12,1575.0,0,84290.19,2,5,2,3,1969,1100000.0
257,190,9,39,12,2028.0,0,9639131040.0,1,2,4,4,1999,650000.0
408,47,9,27,12,3471.0,0,15681.599999999999,1,4,1,3,1830,239000.0
236,54,9,12,9,1721.0,0,3050.0,2,5,2,5,1925,190000.0
1105,83,9,36,5,3098.0,0,251776.80000000002,1,4,3,4,1920,469000.0
320,42,9,41,12,1652.0,0,6970.0,2,4,2,2,1944,205000.0
363,48,9,34,12,3557.0,0,14810.400000000001,1,4,3,5,2025,1268161.0
1179,260,9,27,12,1072.0,0,5662.8,1,4,1,4,1917,50000.0
341,34,9,30,12,3109.0,0,14374.800000000001,1,2,3,3,1954,659900.0
1303,146,9,9,12,2992.0,0,10890.0,1,2,3,4,2004,459900.0
719,25,9,28,12,1776.0,0,52707.6,1,2,2,2,2018,599000.0
720,67,9,40,12,3224.0,0,18730.8,1,2,3,4,2015,683000.0
619,111,9,9,12,2098.0,0,102630.23,2,3,2,4,1966,675000.0
1131,129,9,20,12,1879.0,0,2613.6,1,2,2,3,2020,394900.0
723,247,9,9,12,2154.0,0,7841.0,2,5,2,2,2022,657500.0
606,36,9,9,12,1830.0,0,10454.4,1,2,2,4,2019,331000.0
455,169,9,12,12,3225.0,0,11325.6,1,2,2,4,2005,599000.0
238,237,9,24,12,2961.0,0,6098.0,2,2,4,4,2004,669000.0
1028,155,9,27,12,1732.0,0,33976.8,1,4,1,3,1950,180000.0
259,261,9,23,12,2745.0,0,1157432760.0,1,4,4,4,2018,579900.0
782,98,9,13,12,2308.0,0,5227.2,1,2,3,3,2025,395290.0
399,202,9,5,3,1422.0,0,1306.8,1,4,3,2,1969,775000.0
649,111,9,9,12,1888.0,0,130240.29,2,3,2,4,1969,133200.0
948,10,9,10,12,2802.0,0,11238.0,2,2,3,4,1960,290000.0
246,54,9,12,9,1890.0,0,3150.0,2,5,3,4,1910,295000.0
244,30,9,12,9,1584.0,0,3150.0,2,5,3,4,1909,430000.0
1331,95,9,36,12,1489.0,0,1873.0,2,3,3,2,2023,352570.0
599,92,9,19,12,1459.0,0,19602.0,2,2,2,3,1972,267500.0
155,176,9,30,12,2210.0,0,6969.6,1,2,3,4,2006,489900.0
375,61,9,12,12,2880.0,0,12632.0,2,5,2,4,1900,110000.0
1327,10,9,10,12,3872.0,0,8102.0,2,2,2,3,1930,655000.0
106,191,9,19,12,1856.0,0,84942.0,1,2,3,4,1960,270000.0
146,0,9,36,12,2506.0,0,14000.0,2,5,3,3,1976,1085000.0
748,49,9,33,3,825.0,0,272250.0,1,4,1,1,1964,253000.0
172,167,9,31,12,1128.0,0,1065.0,2,3,1,3,1925,88000.0
547,103,9,22,12,3366.0,0,435600.0,1,2,5,6,2001,1799000.0
323,128,9,10,12,2362.0,0,8276.4,1,4,2,4,2023,585000.0
714,76,9,5,12,1707.0,0,6969.0,2,5,2,3,1980,167000.0
889,197,9,10,12,2175.0,0,10890.0,2,2,3,4,2025,437400.0
140,111,9,9,10,1235.0,0,0.0,2,3,2,2,1992,255000.0
892,218,9,9,12,2187.0,0,30928.0,2,2,2,3,2025,530650.0
736,36,9,9,3,917.0,0,13939.2,1,2,2,2,1974,199900.0
847,96,9,19,12,1792.0,0,40946.0,2,4,2,3,2014,349000.0
667,173,9,26,9,1452.0,0,2513.0,2,2,2,3,1900,217000.0
753,13,9,9,12,3390.0,0,8276.4,1,2,3,4,2025,675000.0
123,62,9,10,12,3513.0,0,8712.0,2,2,4,5,2017,53500.0
245,54,9,12,9,1980.0,0,3050.0,2,5,2,5,1913,70000.0
283,87,9,2,12,3134.0,0,10890.0,1,5,3,5,2006,625000.0
381,136,9,36,12,2142.0,0,30927.6,1,2,2,4,2024,519200.0
326,105,9,21,12,1813.0,0,16988.4,1,2,2,3,2000,245000.0
432,216,9,27,12,1381.0,0,280962000.0,1,2,1,3,1978,255000.0
604,209,9,5,12,1036.0,0,514182240.0,1,4,1,2,1942,202000.0
118,258,9,7,12,1184.0,0,11761.2,1,2,2,3,1951,334900.0
229,167,9,31,12,2064.0,0,1120.0,2,5,2,3,1916,409200.0
132,77,9,40,12,2692.0,0,26136.0,1,2,3,3,1996,1275000.0
135,45,9,2,12,1797.0,0,7840.799999999999,1,5,2,3,1983,124900.0
231,30,9,12,9,2278.0,0,4725.0,2,3,2,6,1921,626667.0
233,30,9,12,9,1612.0,0,3050.0,2,3,2,4,1907,175000.0
347,69,9,14,12,2930.0,0,22215.600000000002,1,2,3,5,2008,459900.0
916,236,9,28,12,1999.0,0,10454.4,1,2,2,4,1960,229900.0
1259,12,9,36,12,2543.0,0,15059.0,2,3,3,4,1976,103000.0
835,95,9,36,12,1420.0,0,7200.0,2,4,2,3,1958,65000.0
854,207,9,36,12,960.0,0,7231.0,2,2,2,2,1980,174862.0
1030,9,9,28,12,1760.0,0,14810.0,2,5,2,4,1952,295000.0
199,80,9,2,12,1662.0,0,5227.2,1,4,2,3,2025,2053944.0
194,101,9,14,12,720.0,0,7405.200000000001,1,2,2,4,1965,95000.0
1010,242,9,2,6,2878.0,0,36154.799999999996,1,5,3,3,1982,355000.0
127,111,9,9,12,1929.0,0,120970.27,2,4,2,3,1982,224000.0
467,164,9,5,3,1175.0,0,1307.0,0,5,2,2,1984,480000.0
303,219,9,30,12,3701.0,0,121967.0,2,2,3,5,2003,185000.0
579,139,9,40,12,947.0,0,8276.4,1,4,1,3,1956,265900.0
821,143,9,20,12,2582.0,0,16988.4,1,2,2,4,1938,559000.0
1330,262,9,28,12,2030.0,0,7200.0,2,5,2,4,2015,310000.0
1016,252,9,31,12,972.0,0,7735.0,2,5,1,2,1950,30000.0
560,195,9,10,12,3114.0,0,16552.8,1,4,2,3,1986,224846.4
129,235,9,2,12,910.0,0,6969.6,1,2,1,2,1979,375000.0
195,243,9,0,12,1246.0,0,12210.0,2,4,2,3,1952,199500.0
240,30,9,12,9,2835.0,0,3150.0,2,3,3,6,1916,49000.0
247,231,9,2,12,1784.0,0,6969.6,1,5,2,3,2003,450000.0
1057,10,9,10,3,1054.0,0,1655.0,2,2,2,2,1985,599900.0
397,223,9,10,3,2400.0,0,1699.0,2,2,4,4,2021,400000.0
163,154,9,12,13,2580.0,0,4144.0,2,2,4,3,1996,275000.0
507,193,9,19,12,1960.0,0,5620.0,2,2,2,3,1925,124500.0
275,175,9,30,13,1850.0,0,2613.6,1,2,3,2,1997,625000.0
262,167,9,31,12,1548.0,0,1478.0,2,5,4,2,1923,36000.0
295,66,9,10,12,1170.0,0,11326.0,2,2,1,3,1951,265000.0
924,32,9,36,12,3081.0,0,10842.0,2,5,2,3,1998,384960.0
164,21,9,2,12,1154.0,0,3049.2000000000003,1,5,2,3,1959,105000.0
187,119,9,2,12,3318.0,0,10890.0,1,2,3,5,2001,295000.0
188,134,9,2,12,1087.0,0,6969.6,1,5,2,3,1959,350000.0
270,168,9,2,7,1095.0,0,6098.400000000001,1,3,2,2,1977,196500.0
276,211,9,2,3,1254.0,0,143.0,2,2,2,2,1996,419000.0
216,229,9,2,13,1872.0,0,4356.0,1,5,2,2,1969,300000.0
612,256,9,15,12,3808.0,0,3659040.0,2,2,2,3,1974,32000.0
1042,40,9,21,12,6597.0,0,20000.0,2,2,4,6,1876,184900.0
990,70,9,10,12,2188.0,0,22651.0,2,2,2,3,2003,349000.0
241,54,9,12,12,1428.0,0,3150.0,2,2,3,3,1916,240000.0
829,15,9,9,10,873.0,0,0.0,2,5,1,1,1963,199000.0
185,87,9,2,12,3059.0,0,12196.800000000001,1,2,3,4,2002,515000.0
1026,120,9,10,12,2343.0,0,6534.0,1,2,3,3,2025,391255.0
1065,31,9,9,12,3076.0,0,112820.25,2,3,4,5,1996,1700000.0
251,17,9,16,12,2144.0,0,10018.800000000001,1,5,3,4,2010,319000.0
1329,70,9,10,12,2015.0,0,5271.0,2,2,3,3,2006,399000.0
672,239,9,23,7,399.0,0,4791.0,2,2,1,1,2010,149900.0
591,70,9,10,12,4984.0,0,993168.0,2,4,4,3,1988,1100000.0
268,167,9,31,12,1584.0,0,1088.0,2,3,2,3,1915,60000.0
228,44,9,31,13,1172.0,0,0.09,0,3,1,1,1992,179900.0
184,111,9,9,12,3817.0,0,626871.44,2,5,4,5,1989,2200000.0
729,117,9,10,12,2632.0,0,28750.0,2,2,2,3,1971,365000.0
1120,172,9,26,12,2480.0,0,63597.6,1,2,2,4,1998,495000.0
211,168,9,2,12,1531.0,0,5227.2,1,5,2,3,1996,515000.0
239,205,9,2,12,1873.0,0,5662.8,1,5,2,4,2024,478490.0
1024,106,9,39,9,3632.0,0,14810.400000000001,1,4,4,8,1964,658000.0
131,14,9,2,12,2319.0,0,7405.200000000001,1,2,2,4,1990,179900.0
897,171,9,26,12,2461.0,0,35283.600000000006,1,2,3,4,1927,1099000.0
741,30,9,12,9,8400.0,0,6272.0,2,3,6,6,1918,153600.0
360,118,9,19,12,684.0,0,6534.0,1,2,1,2,1950,77900.0
670,144,9,21,12,1456.0,0,87120.0,1,2,3,4,1968,289000.0
781,126,9,36,12,1848.0,0,6970.0,2,2,2,3,1958,199000.0
790,151,9,19,12,3733.0,0,71438.4,1,2,4,4,1972,275000.0
675,250,9,40,12,1192.0,0,13939.2,1,4,1,3,1910,225000.0
945,252,9,31,12,972.0,0,7500.0,2,5,1,3,1949,141748.0
1135,126,9,36,12,3730.0,0,81893.0,2,2,5,4,2019,1125000.0
1274,212,9,9,1,1185.0,0,0.0,2,4,2,2,1991,127500.0
438,78,9,36,12,809.0,0,4362.0,2,5,1,3,1985,66360.0
362,182,9,25,12,3260.0,0,21780.0,1,2,3,4,2025,990000.0
615,184,9,40,12,1702.0,0,66211.2,1,2,2,3,2025,674900.0
174,2,9,2,12,1216.0,0,7840.799999999999,1,5,2,3,1970,159000.0
167,127,9,2,12,2027.0,0,5227.2,1,2,3,4,2022,374900.0
1296,16,9,9,3,1069.0,0,3354.0,2,2,2,2,1990,310000.0
561,177,9,6,12,5724.0,0,87555.59999999999,1,2,4,6,2006,990000.0
906,259,9,36,12,3610.0,0,9148.0,2,2,4,5,2022,760000.0
119,141,9,0,12,2704.0,0,12502.0,2,2,3,4,2022,334900.0
823,188,9,15,12,1400.0,0,294726.96,1,2,2,3,1988,215000.0
160,213,9,36,12,2648.0,0,436036.0,2,2,3,4,2019,524900.0
1241,89,9,36,12,1420.0,0,9583.2,1,2,1,3,1965,1000000.0
783,126,9,36,12,1678.0,0,6534.0,2,2,2,3,2017,245000.0
349,208,9,26,12,576.0,0,87120.0,1,2,1,1,1964,299900.0
1313,213,9,36,7,2240.0,0,436036.0,2,4,2,4,2006,260000.0
263,259,9,36,12,1811.0,0,6970.0,2,2,2,3,2010,255000.0
122,111,9,9,12,2434.0,0,123970.28,2,5,2,4,1982,465000.0
261,115,9,36,12,1224.0,0,6970.0,2,2,2,3,1965,89000.0
1159,126,9,36,12,1600.0,0,5227.0,2,4,2,4,2025,235905.0
940,126,9,36,10,920.0,0,5227.0,2,2,2,2,1998,66000.0
866,126,9,36,12,2412.0,0,8712.0,2,2,3,4,1992,319000.0
845,126,9,36,12,1278.0,0,3049.0,2,4,2,3,2022,205000.0
786,162,9,9,13,1840.0,0,29100.06,2,5,2,3,2017,412500.0
1193,126,9,36,12,1760.0,0,5663.0,2,2,2,3,2025,271555.0
274,167,9,31,12,1642.0,0,840.0,2,5,2,3,1921,60000.0
536,64,9,5,12,2900.0,0,15000.0,2,5,3,4,1965,1275000.0
627,228,9,41,12,4362.0,0,854037360.0,1,2,2,5,2021,1770000.0
1154,27,9,5,3,1699.0,0,101494.8,1,2,3,3,2021,819000.0
992,126,9,36,12,1950.0,0,6098.0,2,4,2,3,2025,313600.0
609,222,9,8,12,1778.0,0,6534.0,2,2,2,2,2025,438148.0
625,110,9,41,12,2868.0,0,3484.0,2,4,4,5,2023,520000.0
1123,213,9,36,12,2676.0,0,109771.0,2,4,2,3,1970,250000.0
527,4,9,36,12,1188.0,0,6198.0,2,3,8,0,1960,209000.0
141,111,9,9,10,1235.0,0,0.0,2,3,2,2,1992,239900.0
626,86,9,15,9,1800.0,0,16988.4,1,2,2,4,1960,89900.0
912,17,9,16,12,2580.0,0,14244.12,1,2,3,4,2003,515000.0
317,163,9,9,12,1262.0,0,75010.17,2,3,2,3,1983,150000.0
386,109,9,9,12,1798.0,0,10019.0,2,2,2,3,2024,284000.0
797,126,9,36,12,1139.0,0,6534.0,2,2,2,3,1959,150000.0
620,245,9,39,12,1768.0,0,99316.79999999999,1,2,2,3,2020,595000.0
105,6,9,2,12,1656.0,0,20473.199999999997,1,5,2,3,1965,49793.0
483,138,9,27,12,1300.0,0,3794947200.0,1,2,2,3,1972,58300.0
175,213,9,36,12,2650.0,0,78844.0,2,2,3,4,2021,540000.0
156,213,9,36,12,1565.0,0,43560.0,2,2,2,3,2022,279900.0
787,126,9,36,12,1636.0,0,5663.0,2,4,2,3,2014,245000.0
108,126,9,36,12,2231.0,0,5663.0,2,2,3,3,2025,320990.0
1328,160,9,12,12,1315.0,0,9147.0,2,4,3,2,1977,165000.0
171,200,9,16,12,2197.0,0,174240.0,1,2,3,3,1957,450000.0
128,41,9,2,6,1549.0,0,10018.800000000001,1,4,2,4,2017,340000.0
1270,212,9,9,1,1200.0,0,0.0,2,3,2,2,1981,164000.0
176,23,9,16,12,3072.0,0,115869.6,1,2,3,3,1979,424900.0
117,211,9,2,13,1932.0,0,1742.4,1,5,0,3,2007,699999.0
890,126,9,36,12,1670.0,0,6970.0,2,2,2,3,1989,224950.0
1200,156,9,9,12,1878.0,0,11120.0,2,2,3,3,2015,385900.0
296,167,9,31,9,1698.0,0,940.0,2,3,3,3,1923,349000.0
1014,126,9,36,12,1600.0,0,5663.0,2,2,2,4,2025,254770.0
534,156,9,9,12,2394.0,0,13300.0,2,2,4,4,1987,525000.0
949,6,9,2,12,2092.0,0,43560.0,1,5,2,3,1999,580000.0
1087,99,9,9,13,1193.0,0,2178.0,1,4,2,3,1985,115000.0
352,115,9,36,12,2028.0,0,14810.0,2,2,2,3,1977,255000.0
99,126,9,36,12,2039.0,0,5663.0,2,2,2,3,2019,326000.0
191,259,9,36,12,2000.0,0,6970.0,2,2,2,3,2021,364900.0
721,114,9,17,12,960.0,0,13394.699999999999,1,2,1,3,1971,58000.0
322,163,9,9,12,1495.0,0,77010.17,2,3,2,3,1984,125000.0
369,123,9,6,12,1485.0,0,6534.0,2,2,2,3,2019,338900.0
817,19,9,9,12,1819.0,0,6969.0,2,4,2,4,2025,299900.0
95,134,9,2,12,1952.0,0,7840.799999999999,1,5,2,4,2001,600000.0
150,196,9,9,13,1963.0,0,15420.03,2,4,2,2,2005,335000.0
377,64,9,5,12,685.0,0,14810.400000000001,1,5,1,1,1997,380000.0
977,253,9,9,12,3155.0,0,7840.799999999999,1,2,3,4,2003,600000.0
666,60,9,7,12,2423.0,0,13068.0,2,2,3,3,2025,896994.0
206,8,9,40,12,1606.0,0,8276.4,1,4,1,3,1921,279900.0
1029,163,9,9,12,1913.0,0,75010.17,2,3,2,3,1985,215000.0
198,167,9,31,12,832.0,0,685.0,2,3,1,3,1920,439000.0
196,30,9,12,9,3246.0,0,3050.0,2,3,4,9,1924,134000.0
499,35,9,12,12,832.0,0,4356.0,1,5,1,2,1940,30000.0
107,210,9,31,12,3516.0,0,179902.8,1,4,3,4,1990,395000.0
1163,159,9,9,12,1826.0,0,9147.6,1,4,2,3,1980,250000.0
518,168,9,2,12,1737.0,0,6098.400000000001,1,2,2,3,1995,320000.0
632,153,9,39,12,1807.0,0,9583.2,1,2,2,4,2015,550000.0
258,165,9,17,12,1476.0,0,6098.0,2,2,2,3,1973,599999.0
801,198,9,9,12,1572.0,0,71960.16,2,3,3,4,2003,465000.0
884,56,9,9,7,624.0,0,43170.09,2,5,1,2,1966,50000.0
837,206,9,23,12,2266.0,0,1.12,0,4,3,4,2025,336100.0
346,39,9,36,12,1776.0,0,8276.4,1,2,2,3,1984,395000.0
634,130,9,2,12,1917.0,0,5662.8,1,5,2,4,2022,395000.0
928,126,9,36,12,3587.0,0,14810.0,2,2,4,3,2015,775000.0
207,167,9,31,12,1344.0,0,588.0,2,4,2,3,2012,540000.0
909,225,9,21,12,3583.0,0,144619.19999999998,1,2,3,3,2007,700000.0
768,257,9,8,12,1325.0,0,2178.0,2,2,2,3,1914,183000.0
898,126,9,36,12,1622.0,0,5663.0,2,4,2,3,2025,245950.0
652,187,9,38,6,2079.0,0,16988.4,1,4,2,3,1966,359900.0
663,255,9,9,12,1106.0,0,7840.799999999999,1,3,1,2,1948,59900.0
93,259,9,36,4,2800.0,0,6534.0,2,2,4,6,2022,375000.0
684,126,9,36,12,3794.0,0,21780.0,2,4,5,4,2025,1435000.0
535,204,9,5,12,1686.0,0,6969.6,1,5,2,4,1969,450000.0
359,55,9,27,12,1011.0,0,10890.0,1,4,1,2,1919,28000.0
980,133,9,17,9,2546.0,0,3049.0,2,2,2,3,1910,999000.0
794,126,9,36,12,2171.0,0,6534.0,2,3,2,4,2018,219400.0
614,132,9,11,12,2171.0,0,10018.800000000001,1,4,3,5,1979,187000.0
1144,38,9,20,12,2448.0,0,12632.4,1,4,1,5,1963,780000.0
1184,234,9,9,12,1753.0,0,7840.799999999999,1,2,2,3,1946,242000.0
431,87,9,2,12,2630.0,0,7405.200000000001,1,5,3,4,2023,466332.0
553,170,9,36,12,1943.0,0,7405.200000000001,1,3,3,4,1972,329000.0
400,99,9,9,12,1537.0,0,13939.2,1,2,2,3,1986,425000.0
168,56,9,9,3,660.0,0,104911.0,2,2,1,1,2004,220000.0
695,249,9,23,13,1418.0,0,1742.4,1,4,2,3,2024,329990.0
365,147,9,9,12,1947.0,0,9583.2,1,4,2,4,1978,675000.0
833,126,9,36,12,2448.0,0,6970.0,2,2,2,4,1966,250000.0
465,28,9,1,12,3570.0,0,18295.2,1,4,3,4,1977,669900.0
1017,126,9,36,12,1622.0,0,5663.0,2,2,2,3,2025,250130.0
1264,213,9,36,12,2508.0,0,436036.0,2,4,3,5,2025,499100.0
540,51,9,41,12,1788.0,0,6534.0,1,4,2,4,1976,369999.0
269,259,9,36,12,2968.0,0,7841.0,2,2,3,4,2021,172800.0
879,126,9,36,12,1637.0,0,5227.0,2,2,3,3,2019,279999.0
953,126,9,36,12,2205.0,0,6970.0,2,2,2,4,2008,329850.0
109,251,9,27,3,1764.0,0,2613.6,2,4,2,2,2003,305000.0
816,126,9,36,12,1438.0,0,8712.0,2,4,2,3,1964,172000.0
448,126,9,36,12,1655.0,0,5663.0,2,2,2,3,2025,251650.0
1073,126,9,36,12,1608.0,0,5663.0,2,2,2,3,2021,229000.0
793,194,9,9,12,1576.0,0,102670.23,2,5,2,4,2003,725000.0
528,152,9,5,12,2614.0,0,6969.6,1,2,2,4,1981,1299000.0
497,112,9,12,6,1340.0,0,174676.0,2,4,1,3,1910,89900.0
1077,212,9,9,12,1210.0,0,71790.16,2,3,3,3,1988,90000.0
969,59,9,35,12,1800.0,0,0.43,2,2,2,4,1965,265000.0
313,95,9,36,12,1711.0,0,6098.400000000001,1,2,2,3,1981,249500.0
1013,104,9,14,12,1658.0,0,5662.8,1,2,3,3,1920,343000.0
526,73,9,31,12,2298.0,0,19602.0,1,4,3,3,1975,352000.0
1104,126,9,36,12,2893.0,0,7405.0,2,2,4,5,2023,392500.0
511,115,9,36,12,2485.0,0,10454.0,2,2,2,3,1976,280000.0
396,220,9,5,12,1759.0,0,6534.0,2,2,2,3,1968,799900.0
481,140,9,5,12,3415.0,0,8276.4,1,2,3,5,1982,2195000.0
488,221,9,36,12,1980.0,0,10454.0,2,2,2,3,1964,100000.0
215,163,9,9,12,3097.0,0,342160.78,2,5,4,4,2000,2890000.0
422,168,9,2,13,1844.0,0,1742.4,1,5,2,2,2019,510000.0
798,126,9,36,12,3726.0,0,43124.0,2,2,4,4,2003,799000.0
1175,126,9,36,12,4364.0,0,141134.0,2,2,5,4,2007,855000.0
334,231,9,2,12,2741.0,0,7840.799999999999,1,3,3,4,2003,565000.0
1243,234,9,9,12,1904.0,0,8217.0,2,5,2,4,2002,563500.0
304,54,9,12,12,1110.0,0,4189.0,2,3,1,3,1917,68000.0
145,137,9,37,12,3334.0,0,9583.0,2,2,2,3,2025,1075000.0
1268,0,9,36,12,2305.0,0,14823.0,2,3,2,4,1997,525000.0
452,238,9,37,12,1494.0,0,4356.0,1,2,2,2,2025,489900.0
103,214,9,39,12,2210.0,0,43560.0,1,2,1,3,1970,595900.0
302,30,9,12,12,1110.0,0,4284.0,2,5,1,8,1972,150000.0
436,167,9,31,12,1358.0,0,1120.0,2,4,2,3,1925,25000.0
1187,122,9,6,12,1952.0,0,3484.8,1,2,2,3,1986,580000.0
480,227,9,9,12,3731.0,0,10890.0,1,2,3,5,2011,755000.0
1138,101,9,14,12,4576.0,0,26571.6,1,2,3,4,1987,575000.0
266,167,9,31,12,1884.0,0,1121.0,2,5,2,3,2007,179850.0
189,162,9,9,12,3104.0,0,99100.22,2,5,4,4,1964,853500.0
756,65,9,27,9,6720.0,0,6534.0,2,4,4,8,1929,33500.0
586,50,9,23,13,1700.0,0,4791.6,1,2,2,3,2025,385000.0
883,31,9,9,7,1421.0,0,48480.11,2,3,2,2,2001,246000.0
864,213,9,36,12,2589.0,0,87120.0,2,2,3,4,2023,560000.0
1321,88,9,9,3,2111.0,0,11500.0,2,2,3,3,1945,130000.0
393,254,9,18,12,960.0,0,14491.0,2,2,1,3,1950,205000.0
941,252,9,31,12,1280.0,0,7654.0,2,3,2,2,1950,58000.0
316,183,9,2,12,2311.0,0,54450.0,1,5,2,4,2023,535000.0
410,211,9,2,12,3352.0,0,9147.6,1,5,3,3,2024,2227995.0
1233,233,9,9,12,2158.0,0,319990.72,2,3,2,4,1990,229877.0
1071,44,9,31,0,1219.0,0,2898046.8000000003,1,3,1,1,2024,1490000.0
301,30,9,12,12,1273.0,0,4156.0,2,5,1,2,1920,295000.0
888,75,9,36,12,1158.0,0,3484.8,2,3,2,3,2023,239950.0
298,54,9,12,12,1273.0,0,4156.0,2,3,1,4,1996,225000.0
426,246,9,5,12,2214.0,0,8276.4,1,4,2,2,2025,839550.0
221,161,9,14,12,5219.0,0,22215.600000000002,1,2,5,5,1990,849900.0
97,244,9,36,12,1604.0,0,5401.44,2,3,2,3,2013,270000.0
147,189,9,23,12,2979.0,0,0.46,0,2,3,4,2024,509390.0
1006,126,9,36,12,1830.0,0,6795.0,2,2,2,3,2022,275000.0
642,225,9,27,12,1088.0,0,2430.0,2,2,1,3,1911,78000.0
305,54,9,12,12,1226.0,0,4301.0,2,3,1,3,1922,115500.0
749,192,9,25,12,2146.0,0,20473.199999999997,1,2,2,3,2009,329900.0
169,167,9,31,9,2376.0,0,952.0,2,3,3,3,2007,179850.0
388,148,9,20,12,1238.0,0,21780.0,1,4,2,3,1994,424500.0
476,5,9,12,12,1059.0,0,177289.2,1,4,2,3,1993,84600.0
94,37,9,21,12,1568.0,0,15681.0,2,2,2,3,1973,119000.0
407,84,9,12,12,2602.0,0,25264.8,1,4,3,4,2013,369900.0
722,82,9,36,12,1382.0,0,6098.4,2,3,2,3,1973,159991.0
166,167,9,31,12,2250.0,0,1440.0,2,3,2,3,2006,659000.0
514,90,9,23,12,2511.0,0,0.17,0,4,3,5,2025,379940.0
300,30,9,12,12,920.0,0,4599.0,2,3,1,2,1917,58000.0
379,53,9,2,12,1580.0,0,43560.0,1,2,1,4,2025,400000.0
447,141,9,0,12,1419.0,0,8450.64,1,2,2,3,1990,155000.0
348,225,9,12,6,2195.0,0,6160.0,2,4,2,4,1930,189900.0
337,54,9,12,12,1315.0,0,4053.0,2,3,1,2,1920,300000.0
290,54,9,12,9,2585.0,0,4032.0,2,5,4,4,1921,33000.0
778,232,9,9,12,792.0,0,7405.200000000001,1,2,1,3,1953,54000.0
680,141,9,0,12,2034.0,0,6969.0,2,2,3,5,2025,295900.0
255,7,9,5,12,2033.0,0,32670.0,2,2,2,4,2025,664900.0
209,43,9,11,6,1072.0,0,7405.200000000001,1,4,2,3,1952,205000.0
110,126,9,36,12,1216.0,0,26964.0,2,2,2,3,1998,149000.0
1246,163,9,9,12,1989.0,0,75010.17,2,5,2,3,1986,535000.0
287,186,9,41,12,2017.0,0,7684768080.0,1,2,3,3,2004,930000.0
398,206,9,9,12,858.0,0,8276.4,1,4,1,2,1961,240000.0
293,54,9,12,9,2374.0,0,4114.0,2,3,2,4,1923,163000.0
92,259,9,36,12,2445.0,0,8799.0,2,2,3,4,2022,555000.0
416,18,9,34,12,1217.0,0,22215.600000000002,1,4,1,2,1961,250000.0
1277,241,9,27,12,1796.0,0,8712.0,1,4,2,3,1996,369900.0
542,79,9,23,12,2718.0,0,16552.8,1,4,2,3,2005,205000.0
178,211,9,2,12,3854.0,0,34848.0,1,5,3,4,1979,1650000.0
327,99,9,9,12,1661.0,0,7405.200000000001,1,2,2,4,1937,450000.0
291,54,9,12,12,2090.0,0,4125.0,2,3,2,3,1921,70000.0
584,50,9,23,13,1700.0,0,4356.0,1,2,2,3,2025,375000.0
789,199,9,9,12,2314.0,0,21780.0,1,2,2,4,1991,649900.0
292,54,9,12,12,1338.0,0,4125.0,2,5,1,4,1996,1200000.0
193,64,9,5,12,1992.0,0,15000.0,2,5,2,5,2014,800000.0
930,248,9,5,12,1930.0,0,6534.0,2,4,2,4,2025,453285.0
225,142,9,5,6,1358.0,0,6098.400000000001,1,4,2,4,1950,889000.0
208,181,9,5,12,2598.0,0,4949.0,2,5,2,3,1976,700000.0
356,7,9,5,12,1778.0,0,4791.6,1,2,2,2,1994,440000.0
177,224,9,34,12,2876.0,0,7840.799999999999,1,4,2,4,2022,349000.0
1281,212,9,9,1,1185.0,0,0.0,2,3,2,2,1992,162000.0
910,13,9,9,12,1762.0,0,6969.0,2,4,2,2,2015,429900.0
264,167,9,31,12,1112.0,0,840.0,2,5,1,3,1925,308400.0
1127,102,9,9,12,2427.0,0,9147.6,1,2,2,3,2019,337500.0
415,29,9,18,12,1056.0,0,20908.8,1,4,1,3,1843,374900.0
728,97,9,9,12,2444.0,0,83070.19,2,4,2,3,1966,600000.0
885,56,9,9,7,576.0,0,50220.11,2,4,1,2,1964,50000.0
332,87,9,2,12,2695.0,0,13503.6,1,3,4,3,2023,635913.0
242,134,9,2,12,2545.0,0,6098.400000000001,1,5,2,3,2017,545000.0
1064,108,9,36,12,1727.0,0,4791.6,1,2,2,4,2025,239990.0
1034,178,9,5,12,6232.0,0,50965.2,1,2,2,4,1984,2000000.0
330,3,9,31,12,988.0,0,4800.0,2,4,1,2,1952,249000.0
230,179,9,11,12,2224.0,0,21780.0,1,4,2,3,1907,279000.0
329,54,9,12,12,1782.0,0,4156.0,2,5,1,3,1922,70000.0
338,30,9,12,9,1611.0,0,3993.0,2,5,2,4,1919,116000.0
1038,68,9,6,3,1200.0,0,5653540.0,2,2,1,2,1970,170000.0
947,242,9,2,12,2969.0,0,6098.400000000001,1,2,3,4,2013,529000.0
767,20,9,0,12,2527.0,0,0.3,2,2,3,5,2018,229900.0
1256,166,9,34,12,1189.0,0,50529.6,1,2,1,3,1963,246999.0
115,64,9,5,12,2430.0,0,14810.400000000001,1,3,2,3,1947,2200000.0
441,11,9,27,12,1804.0,0,182952.0,1,2,3,3,1965,379900.0
747,24,9,39,12,1764.0,0,6098.400000000001,1,2,2,3,1955,475000.0
960,71,9,9,12,2134.0,0,8276.4,1,2,2,4,2017,310000.0
226,212,9,9,12,1090.0,0,97970.22,2,4,3,3,1987,1249900.0
420,157,9,9,12,1346.0,0,60370.13,2,3,2,3,1999,310000.0
708,225,9,27,12,1552.0,0,67953.6,1,2,2,3,1900,329900.0
1166,113,9,10,12,4210.0,0,25700.0,2,2,4,4,1973,549900.0
220,135,9,9,12,1104.0,0,15681.599999999999,1,4,2,3,1976,170000.0
286,107,9,9,12,884.0,0,81720.18,2,3,3,4,1973,360000.0
380,158,9,36,3,1528.0,0,8.2056,0,2,2,3,2016,299900.0
136,85,9,9,12,1340.0,0,33976.8,1,2,2,3,1955,574900.0
757,240,9,21,12,1932.0,0,13502.99016,1,2,2,4,1975,199900.0
683,162,9,9,13,1840.0,0,26220.06,2,4,3,3,2017,407280.0
144,111,9,9,10,1200.0,0,0.0,2,3,2,2,1985,180000.0
454,215,9,30,12,6992.0,0,440827.19999999995,1,2,5,7,2006,2195000.0
522,242,9,2,9,2438.0,0,11925.0,2,2,3,6,1949,400000.0
868,126,9,36,12,1508.0,0,2178.0,2,2,2,3,1972,160000.0
126,174,9,25,12,1819.0,0,22215.600000000002,1,2,3,4,2013,295000.0
222,57,9,5,12,1122.0,0,3920.3999999999996,1,2,2,3,1997,480000.0
248,149,9,40,12,2331.0,0,16552.8,1,2,3,3,2025,589900.0
210,230,9,2,12,1846.0,0,10018.800000000001,1,5,2,2,1979,360000.0
474,180,9,5,12,2100.0,0,8190.0,2,4,2,4,1992,725000.0
361,226,9,5,12,976.0,0,5662.0,2,2,1,1,1935,195000.0
288,125,9,17,12,960.0,0,12937.32,1,4,1,3,1970,28500.0
217,185,9,12,12,1382.0,0,3990.0,2,3,1,4,1903,115000.0
162,45,9,2,12,2101.0,0,3920.3999999999996,1,0,3,4,2022,540000.0
1047,217,9,5,12,2037.0,0,4522.0,2,4,3,2,1922,1700000.0
694,94,9,10,12,660.0,0,41818.0,2,2,2,2,1963,169500.0
267,74,9,20,13,1762.0,0,2178.0,1,4,2,3,1992,325000.0
90,62,9,10,12,2535.0,0,267894.0,1,2,2,3,1997,144400.0
104,121,9,36,12,3643.0,0,12197.0,2,2,4,3,1981,365000.0
1250,93,9,38,6,1768.0,0,133293.6,1,2,1,4,1953,1950000.0
279,25,9,28,12,2458.0,0,41817.6,1,2,3,2,2022,826000.0
1249,97,9,9,13,1616.0,0,14720.03,2,4,3,3,1992,655000.0
811,126,9,36,12,2022.0,0,8712.0,2,2,2,3,1977,245000.0
462,63,9,10,3,1659.0,0,2178.0,2,2,2,3,2020,355000.0
234,213,9,36,12,2773.0,0,13939.0,2,2,4,3,1994,199900.0
931,31,9,9,12,3103.0,0,113300.26,2,5,3,4,2012,3600000.0
1182,145,9,34,3,2436.0,0,59677.0,2,2,3,3,2004,1150000.0
983,126,9,36,7,2048.0,0,227383.0,2,2,2,4,2021,283800.0
190,213,9,36,12,1484.0,0,7405.0,2,2,1,3,1959,89000.0
900,100,9,21,12,1148.0,0,6534.0,2,2,3,3,2007,169900.0
761,126,9,36,12,1586.0,0,9148.0,2,2,2,3,1982,220000.0
796,126,9,36,12,2031.0,0,16988.0,2,2,2,3,1961,105000.0
509,22,9,10,12,2653.0,0,14374.800000000001,1,2,2,4,2025,336990.0
170,41,9,2,12,1860.0,0,7840.799999999999,1,5,2,4,2023,343000.0
501,198,9,9,12,2232.0,0,184350.42,2,5,4,5,1995,709000.0
331,31,9,9,13,1021.0,0,0.0,2,3,2,2,1974,230000.0
1325,116,9,15,12,1952.0,0,7405.200000000001,1,2,2,3,1979,385000.0
836,126,9,36,4,2842.0,0,7405.0,2,2,6,6,2021,395000.0
138,201,9,9,13,2044.0,0,15420.03,2,4,2,3,2005,290200.0
685,116,9,15,12,1930.0,0,14505.480000000001,1,2,2,3,1981,399000.0
265,167,9,31,12,1350.0,0,800.0,2,3,2,4,1923,246000.0
335,30,9,12,12,1296.0,0,3993.0,2,5,2,3,1920,108000.0
161,33,9,5,12,1628.0,0,6098.400000000001,1,2,2,3,2005,540000.0
891,126,9,36,12,1565.0,0,7405.0,2,2,2,3,1991,210000.0
376,91,9,16,12,852.0,0,74052.0,2,4,1,2,1966,150000.0
186,72,9,12,12,672.0,0,3049.2000000000003,1,4,1,2,1938,72900.0
112,98,9,13,3,1946.0,0,2178.0,2,4,2,2,2005,245000.0
589,111,9,9,12,1431.0,0,80020.18,2,3,2,2,1966,129000.0
1252,213,9,36,12,1703.0,0,439085.0,2,2,2,3,2023,314500.0
443,116,9,15,12,3447.0,0,8206.704,1,2,5,5,2014,799900.0
831,46,9,34,12,3184.0,0,10454.4,1,2,4,5,2022,480000.0
148,26,9,2,12,2895.0,0,37897.2,1,5,3,4,2022,675000.0
183,111,9,9,12,3464.0,0,937802.1,2,4,5,5,2013,2500000.0
861,126,9,36,12,1745.0,0,6098.0,2,4,2,3,1996,240000.0
143,35,9,10,12,7962.0,0,132858.0,1,1,6,5,2007,2300000.0
116,134,9,2,12,3374.0,0,12196.800000000001,1,5,3,4,2021,898990.0
500,1,9,36,7,1680.0,0,436036.0,2,2,2,3,2025,899900.0
134,168,9,2,12,1560.0,0,8712.0,1,5,2,3,1951,635000.0
734,150,5,4,2,5939.12,0,3974.14,2,3,3,4,1959,673044.15
1048,95,4,4,13,3357.95,0,1763.21,2,2,8,4,1997,78616.59
3,95,2,32,13,9319.54,0,4222.15,2,2,3,5,1988,909144.61
38,150,5,3,3,7436.85,0,3964.15,2,5,6,7,1917,635684.17
477,168,3,3,6,1313.99,0,9654.15,2,4,3,10,2000,304092.04
517,203,7,3,2,5165.64,0,330.64,2,3,2,10,1952,280151.31
51,52,6,32,2,2968.89,0,5962.08,2,5,7,9,2004,40434.01
965,52,8,29,8,1289.63,0,4453.14,2,4,1,6,2000,291858.17
994,52,1,32,0,7526.18,0,5530.46,2,2,3,3,1947,834181.16
256,168,7,4,0,8900.01,0,7695.31,2,2,1,9,1940,370175.64
567,168,5,32,2,2523.28,0,2297.92,2,3,7,1,1912,591040.52
538,203,0,5,6,1208.99,0,3143.86,2,5,1,9,1971,479624.71
1012,168,8,36,0,4838.77,0,5493.83,2,5,10,5,1902,364242.63
1136,95,1,29,13,651.06,0,6538.58,2,5,4,8,2005,611416.74
631,62,0,4,8,738.92,0,1051.65,2,3,10,10,1910,164811.25
1178,150,0,36,8,368.13,0,855.89,2,3,2,5,1940,259622.77
1095,124,5,32,8,648.95,0,1939.46,2,5,6,4,2007,414286.51
710,124,0,4,8,5155.35,0,7728.72,2,2,7,10,1906,127151.64
282,62,7,4,13,7431.29,0,1596.54,2,5,6,10,1916,444415.52
967,150,7,3,3,9710.26,0,2750.17,2,2,7,4,1984,552282.47
417,52,9,36,3,476.85,0,9388.07,2,3,10,7,1933,932594.06
938,150,6,4,0,7068.67,0,3982.75,2,5,8,4,1914,542793.88
1404,150,1,3,13,2558.81,0,9985.63,2,2,9,3,1964,535431.21
472,203,2,32,2,7301.44,0,4489.69,2,3,3,9,2002,260986.95
687,124,8,3,0,3086.3,0,1049.42,2,3,8,9,1928,533242.96
725,124,1,36,8,3850.44,0,4612.18,2,5,2,10,2016,733104.77
1049,124,1,36,0,4865.1,0,2835.26,2,5,9,6,1937,888758.19
598,150,9,36,2,8193.97,0,869.45,2,4,3,4,1931,280058.18
718,62,4,29,0,5444.88,0,5564.05,2,3,10,6,1977,357441.46
98,52,3,5,13,7474.17,0,6226.14,2,2,7,5,2019,694531.11
1334,62,6,36,6,2639.54,0,9261.0,2,5,7,10,1938,364341.85
9,52,0,29,11,8414.26,0,1368.76,2,5,1,5,1906,452993.61
1410,150,6,3,6,8811.83,0,7354.55,2,2,5,6,1903,213748.8
795,203,4,29,8,4195.64,0,9115.04,2,3,10,6,1946,506172.2
1004,52,7,32,13,9536.07,0,8202.79,2,3,3,10,1991,669186.16
212,62,0,29,13,5983.02,0,4588.32,2,3,2,1,1925,998127.49
280,203,6,5,13,4777.97,0,8957.82,2,4,8,3,1914,519778.38
1080,168,8,4,13,5087.28,0,1785.91,2,5,9,5,1976,866210.4
278,168,2,4,11,8723.59,0,2106.55,2,2,8,8,2017,822266.33
1149,124,8,5,13,732.88,0,4752.61,2,4,8,9,2013,255320.58
788,95,8,5,3,2618.1,0,1435.77,2,2,6,4,1984,989662.63
843,124,9,3,13,8168.62,0,2889.45,2,5,5,10,1969,147167.32
284,52,4,3,2,6578.76,0,7416.98,2,3,9,3,1924,345848.23
984,202,7,32,11,6647.22,0,1170.68,2,4,5,3,1934,982775.65
1137,95,4,29,13,3267.89,0,4379.61,2,4,9,6,1943,54392.16
939,62,9,5,8,1334.13,0,3233.08,2,3,5,8,1935,354472.06
1291,168,6,3,13,2591.35,0,3189.96,2,2,7,7,2014,350879.43
766,95,6,29,6,3365.74,0,9703.83,2,3,1,1,2000,674019.41
791,62,3,36,2,8504.99,0,6749.91,2,2,9,2,1946,921237.42
1363,168,5,32,13,5630.77,0,8044.93,2,5,10,8,1980,740338.71
905,52,2,3,3,4735.5,0,6197.26,2,3,8,2,2002,421828.37
1039,203,6,36,11,2182.27,0,6830.16,2,2,6,4,1913,165504.2
1033,202,9,36,0,234.0,0,2942.34,2,3,9,5,1997,916367.88
880,150,2,4,2,2438.98,0,4068.88,2,5,8,7,1987,227640.03
902,124,1,29,8,8440.43,0,4006.12,2,3,9,7,1920,310252.96
541,202,5,36,2,2547.93,0,7482.25,2,4,8,3,1950,430779.97
665,95,5,29,0,7384.36,0,2530.14,2,2,10,3,1913,266735.43
311,202,1,5,11,6659.66,0,4471.33,2,2,8,2,1954,72775.39
1248,95,8,32,2,9794.59,0,9455.56,2,5,7,3,1938,867175.58
495,62,1,4,0,3975.75,0,737.11,2,2,2,1,1920,348942.35
772,203,8,36,13,7660.65,0,7840.29,2,3,8,2,1939,206708.85
1069,95,3,32,6,771.18,0,9822.93,2,4,2,3,1950,65901.37
392,124,7,3,2,7680.45,0,960.09,2,5,4,9,1904,621133.89
1027,95,2,29,11,3086.7,0,5540.39,2,3,5,2,1938,247296.86
997,62,9,4,11,1721.15,0,4539.69,2,5,9,5,1916,778951.1
629,202,5,29,6,8535.01,0,9351.48,2,5,9,10,1986,432301.12
802,124,0,5,2,3446.4,0,1618.5,2,4,7,2,1900,208977.66
403,62,0,29,2,9039.81,0,1192.27,2,2,10,6,1955,791610.7
130,62,7,29,13,5180.53,0,5711.87,2,5,3,4,1971,296194.68
378,52,2,5,2,2749.69,0,5639.76,2,4,1,9,1943,322052.67
180,202,8,36,3,1122.68,0,4232.12,2,5,5,10,1996,531571.53
630,150,5,36,8,8106.58,0,9776.1,2,2,7,9,1953,580934.13
857,124,5,29,0,9456.71,0,1427.04,2,2,6,8,1923,40943.27
751,95,8,29,13,9765.77,0,8835.42,2,5,9,9,1907,148653.9
839,150,0,36,6,1536.93,0,6427.18,2,4,5,7,1915,671620.64
492,168,6,4,11,8918.25,0,3817.02,2,4,2,7,2012,884742.25
531,150,6,3,0,4719.1,0,813.97,2,5,10,10,1910,402376.05
1312,150,0,29,8,5370.66,0,8391.34,2,4,7,4,1934,897751.51
281,95,2,32,2,3953.12,0,4995.88,2,5,9,3,1969,446171.46
1153,203,2,4,8,7860.54,0,6455.87,2,3,4,4,1901,545014.34
315,124,0,29,3,1188.04,0,9505.1,2,3,7,4,1992,877726.73
972,150,9,3,13,7197.03,0,4185.78,2,5,9,10,1958,505602.84
1283,168,6,32,6,1720.38,0,3256.25,2,5,6,6,1934,263745.98
43,124,1,36,8,4258.17,0,7391.28,2,2,5,1,2017,714884.88
692,95,4,32,8,1879.73,0,6483.98,2,3,1,2,1929,616577.25
1000,168,6,36,13,7506.83,0,8821.95,2,4,6,9,1958,876258.06
1402,95,9,32,11,4218.54,0,1351.49,2,4,2,4,1982,42515.25
1217,202,8,4,8,3960.39,0,3115.01,2,2,6,10,1983,748047.59
545,202,7,32,0,1092.31,0,2705.07,2,2,7,9,1979,535283.94
1310,95,3,32,2,7011.56,0,6910.3,2,4,6,9,1924,607170.71
1347,203,3,29,3,1661.43,0,1802.62,2,4,7,4,2004,887982.42
877,202,2,4,8,2515.48,0,8890.81,2,3,7,8,1909,138473.84
201,150,2,3,2,8283.74,0,9656.11,2,4,4,9,2023,535332.42
1235,62,7,5,0,3380.5,0,2676.99,2,2,5,4,1966,258628.71
1218,124,4,36,11,5391.46,0,3737.01,2,4,8,3,1972,629450.09
1344,95,6,36,11,7045.89,0,861.34,2,3,10,10,2021,156730.47
197,124,4,29,6,6508.47,0,4468.98,2,5,4,1,1977,555673.27
1401,150,6,5,6,8940.3,0,8613.15,2,2,8,9,1924,267263.53
503,150,4,32,0,3262.0,0,950.19,2,4,7,9,1943,799043.45
72,202,6,4,3,8092.74,0,1846.5,2,3,3,4,1922,270377.17
872,95,3,36,2,1145.54,0,6733.77,2,2,10,4,2015,600864.39
404,168,2,32,6,9623.09,0,4513.31,2,2,2,1,1925,884214.92
1097,202,4,5,8,5575.18,0,2060.7,2,5,7,3,2012,741671.29
1309,62,6,32,8,8808.97,0,6993.85,2,2,5,5,1919,921726.65
926,168,9,3,8,4058.83,0,137.36,2,2,10,1,1956,300098.13
31,52,0,3,11,1001.26,0,8347.58,2,2,5,9,1982,358538.94
340,124,9,32,6,6545.75,0,6356.97,2,5,10,6,1923,388485.06
1106,150,7,4,6,7578.44,0,577.91,2,3,9,8,1992,777610.29
91,95,0,36,13,2763.17,0,1003.31,2,4,2,9,1974,338693.85
1103,95,7,32,3,9837.87,0,7368.54,2,3,3,4,1991,508840.42
637,168,1,3,3,1653.79,0,4959.07,2,5,2,3,1911,769575.64
489,202,2,32,2,2512.94,0,8532.87,2,4,6,8,2002,818960.69
1201,168,4,5,0,5727.53,0,8057.17,2,2,1,6,1983,862537.37
1304,202,8,3,2,4610.82,0,5617.07,2,4,9,10,2019,778512.26
755,124,2,32,13,2101.22,0,3026.47,2,3,8,1,1943,242318.84
851,168,4,3,3,651.93,0,1945.3,2,3,5,3,1924,364618.11
66,62,5,3,6,3444.23,0,3515.18,2,5,2,3,1917,910087.84
784,202,9,32,0,9016.62,0,646.97,2,3,7,5,1908,237697.68
1295,203,7,29,6,3716.86,0,9560.36,2,3,7,2,1945,935703.38
776,95,5,29,3,2728.15,0,3859.02,2,4,7,9,2002,804374.33
875,52,2,4,13,6932.53,0,4500.77,2,5,3,7,2007,802683.54
1228,52,0,4,0,4028.84,0,5794.01,2,5,10,10,1921,220453.43
1050,150,9,5,3,8114.73,0,5657.49,2,3,4,7,1913,965533.62
78,202,8,36,11,6873.84,0,5870.72,2,4,1,4,1925,59164.39
886,62,7,3,2,9135.91,0,4484.58,2,4,8,1,2023,469448.4
46,62,6,36,6,9627.74,0,5066.2,2,3,4,6,2006,213956.32
576,124,5,4,11,3588.04,0,7247.19,2,4,3,3,1953,671993.02
603,150,2,3,6,157.05,0,4575.75,2,2,9,3,1924,782025.13
639,124,4,4,2,5072.63,0,2029.64,2,5,2,6,1929,484289.88
60,52,5,5,2,5740.99,0,2625.53,2,5,2,1,1910,198497.63
1358,203,9,36,6,5196.89,0,2780.73,2,2,8,1,2008,750160.91
569,203,7,4,13,5544.62,0,9747.83,2,3,1,5,1956,876052.44
950,168,1,29,3,2221.77,0,8709.75,2,2,7,4,1949,847037.68
581,202,9,5,3,6988.37,0,5682.23,2,4,3,7,1993,761101.54
921,62,0,5,6,9707.2,0,589.57,2,3,8,6,1973,858984.89
310,150,3,4,3,9702.69,0,3010.49,2,4,1,9,1997,930779.2
1021,52,3,4,2,5737.96,0,3590.31,2,5,2,4,1983,526945.95
1288,52,5,5,13,9047.78,0,9270.52,2,3,5,6,1944,214078.38
704,168,7,4,8,6122.44,0,4231.86,2,5,10,10,1926,476985.5
899,62,9,32,8,7601.77,0,5067.91,2,3,1,2,1908,164875.07
677,124,6,29,3,3383.08,0,2051.05,2,3,9,7,2011,760546.63
1407,95,0,32,6,1489.1,0,8833.71,2,3,9,6,1962,629164.55
73,62,9,5,2,5470.45,0,5851.86,2,4,5,10,1991,771178.29
855,95,9,5,11,6670.28,0,9412.72,2,5,4,10,1916,409979.35
575,150,6,36,13,4857.91,0,6256.61,2,5,2,7,1939,872987.8
506,62,8,3,11,2434.85,0,5633.32,2,4,5,1,1937,600826.41
838,52,5,36,13,2321.91,0,7102.37,2,2,7,1,1939,218206.5
449,124,8,4,13,8573.58,0,3797.59,2,4,3,2,2013,414576.4
1216,95,8,3,3,4163.58,0,788.64,2,2,8,8,2023,560749.47
512,168,9,36,13,8049.12,0,1368.5,2,4,6,6,2006,820666.81
588,202,1,32,3,1523.21,0,9310.5,2,3,9,10,1908,697498.5
223,202,9,4,11,1638.08,0,9893.48,2,5,10,5,1953,640863.67
1371,124,8,5,0,8133.86,0,2839.67,2,4,5,8,1998,502577.27
1040,95,4,3,11,4133.41,0,3751.02,2,5,5,5,1980,902998.0
124,62,4,4,6,2264.95,0,6130.05,2,4,5,1,1912,951541.55
1118,62,2,29,11,6877.85,0,4184.06,2,3,8,3,1914,627795.61
37,150,9,5,11,5037.26,0,6293.81,2,5,2,2,1965,120692.05
152,168,8,3,3,364.53,0,7130.08,2,5,7,7,1998,857787.69
1380,150,4,32,13,3944.4,0,5461.46,2,4,9,8,2020,336194.24
1224,203,0,29,11,2904.39,0,816.89,2,2,4,9,1938,739684.05
638,168,8,32,0,4777.85,0,4092.05,2,3,7,1,1919,918661.08
1031,150,0,32,6,2779.91,0,2599.51,2,2,6,8,1937,80005.14
111,203,0,5,2,8101.66,0,9533.34,2,2,2,5,1967,94898.73
425,150,3,36,8,9375.58,0,7667.57,2,5,9,1,1900,732166.4
1075,124,8,32,0,1082.41,0,674.43,2,5,3,1,1954,123158.41
137,168,0,4,0,4905.26,0,7492.13,2,5,9,9,1978,257407.89
89,202,2,29,6,9736.68,0,9211.53,2,5,8,9,1968,364394.01
1001,62,2,5,0,6270.86,0,8857.81,2,2,4,1,1956,594842.82
1240,168,6,36,2,5449.43,0,1122.93,2,5,4,8,1994,239035.78
494,52,5,4,8,3849.84,0,5808.98,2,4,5,6,1996,90381.41
919,202,0,32,13,6856.15,0,4979.05,2,5,3,1,1974,318323.82
1015,124,7,29,6,1306.64,0,4640.9,2,5,4,9,1997,96304.11
962,203,9,36,6,779.94,0,9513.47,2,5,10,5,2022,948682.66
1090,62,4,32,6,5960.9,0,741.49,2,3,6,6,1914,91830.91
995,168,2,29,11,5134.3,0,3249.05,2,3,9,10,2000,28819.55
433,95,1,4,2,8020.73,0,2082.45,2,3,4,2,1915,216271.94
475,203,2,4,2,3769.61,0,2419.01,2,4,8,5,1931,322319.0
139,95,0,3,0,1183.93,0,7799.46,2,5,8,7,1975,564628.32
539,203,3,36,6,2341.73,0,4243.96,2,4,7,10,2023,991751.58
1196,203,0,36,3,3617.24,0,7048.42,2,5,1,3,1938,497161.77
1318,124,4,3,0,1379.07,0,3739.39,2,4,10,2,2007,994259.41
1343,202,5,32,11,9608.82,0,8703.58,2,4,3,1,1977,308833.21
1045,203,0,36,0,9402.11,0,5157.01,2,2,1,5,1948,601124.21
308,150,5,4,0,951.36,0,5907.4,2,5,6,4,1928,363541.61
120,52,8,29,2,1827.05,0,2220.41,2,3,10,3,1951,451685.6
887,95,2,32,2,8455.25,0,7685.81,2,2,1,2,1959,66065.78
1227,52,9,36,3,2792.51,0,8787.66,2,4,7,6,1992,127846.41
153,52,4,4,2,8835.79,0,1231.43,2,3,6,6,1980,436049.61
165,124,8,29,2,7543.18,0,5881.21,2,3,5,1,1951,679651.48
13,95,6,32,0,1778.72,0,972.08,2,4,6,2,1984,354768.81
29,202,4,36,6,4618.69,0,4782.48,2,3,8,3,1934,383235.54
17,203,4,5,6,7204.17,0,8638.96,2,2,10,3,2016,624671.81
532,95,8,29,6,7155.67,0,420.41,2,3,3,9,1969,384785.59
1059,124,5,3,3,1112.41,0,2319.76,2,3,4,2,2002,567190.82
1408,203,3,3,2,1777.67,0,9692.62,2,5,3,8,1926,369475.77
1258,203,6,3,11,5632.52,0,2450.22,2,3,3,2,1953,708930.21
616,124,8,5,0,5199.12,0,965.02,2,4,7,9,2017,508480.57
676,124,6,29,13,6185.1,0,3827.29,2,5,7,4,1989,382487.65
430,52,3,4,6,6012.35,0,4232.51,2,4,4,8,1963,629475.34
429,202,5,5,3,2706.81,0,1808.34,2,3,2,8,2017,113925.04
1333,95,3,4,2,9675.91,0,150.69,2,5,4,10,1968,778265.62
975,202,5,3,3,8751.59,0,5404.11,2,5,5,10,1937,42207.35
204,124,4,3,8,3671.19,0,3110.62,2,3,2,3,1999,934954.71
979,95,9,5,11,8327.32,0,3038.91,2,4,3,1,1940,315597.04
1273,203,1,32,11,7830.46,0,5682.18,2,5,7,9,1944,635117.6
45,168,5,32,6,4133.79,0,2959.96,2,5,3,1,2017,936902.31
411,203,1,3,6,3023.45,0,3016.71,2,5,10,1,1975,983813.32
628,203,1,29,13,8191.15,0,395.02,2,5,1,3,1940,519168.82
1397,202,5,36,6,6920.63,0,7813.15,2,4,9,2,1948,464920.4
154,150,4,4,13,8049.15,0,2449.66,2,3,7,6,1937,939772.51
1155,124,2,4,6,7277.48,0,8814.13,2,4,5,8,1940,621955.29
50,168,0,3,11,983.37,0,421.1,2,2,1,1,1981,164797.08
544,150,9,4,3,4247.33,0,9701.96,2,4,1,10,2015,324112.16
100,124,6,4,11,5442.55,0,7021.87,2,5,1,5,1949,85688.14
733,202,0,3,2,3400.0,0,6040.89,2,2,4,5,1903,706733.6
14,95,9,3,2,7779.31,0,2874.52,2,3,10,8,1959,469243.16
1278,150,8,5,0,915.87,0,8018.08,2,4,9,5,1944,459247.8
989,203,7,32,3,2250.57,0,9152.99,2,4,2,1,1920,76151.67
1162,124,0,36,11,6876.88,0,6151.42,2,3,10,9,1924,595073.1
577,168,0,4,0,4333.4,0,1107.02,2,5,5,4,1915,756843.2
395,52,4,3,6,876.88,0,3216.92,2,2,4,9,1997,623006.93
600,95,3,4,13,146.19,0,4543.07,2,4,1,10,2011,147223.27
550,168,0,5,6,9630.2,0,6766.62,2,3,10,1,2007,392496.32
807,168,9,4,3,6436.46,0,5792.86,2,5,7,3,1954,690717.73
1209,52,5,32,13,2108.52,0,4662.02,2,3,4,5,1982,565219.45
1381,95,9,3,8,5857.94,0,6958.71,2,2,3,7,1911,485711.83
1083,203,7,5,13,2400.91,0,4728.19,2,3,1,2,1914,278257.73
1395,95,1,5,3,8405.62,0,2476.58,2,2,1,5,1967,152160.42
731,150,7,4,3,5436.22,0,5422.23,2,4,8,8,1941,513894.84
1360,124,7,4,6,9101.44,0,7098.35,2,2,7,5,1904,276190.68
496,150,7,5,13,6716.7,0,5521.47,2,4,8,2,2019,426552.07
1314,150,7,29,2,9500.99,0,1487.32,2,4,5,10,1902,835120.51
546,202,2,29,0,8133.75,0,825.14,2,2,6,2,1976,835171.73
504,62,8,32,8,6555.84,0,8143.51,2,4,4,6,1967,491547.38
49,150,3,36,8,7043.79,0,5038.74,2,4,2,2,1975,40115.76
63,62,4,4,13,571.65,0,3691.76,2,3,1,6,1950,200946.34
1003,52,1,29,6,5110.32,0,6246.41,2,3,3,1,1922,161652.91
1172,62,6,32,11,7225.8,0,9493.08,2,3,8,5,1908,164929.5
1198,203,5,4,0,1082.95,0,7726.78,2,3,5,5,1901,866782.6
771,150,2,29,3,6108.1,0,9114.35,2,5,4,1,1928,442558.86
596,95,3,32,3,9808.39,0,3335.73,2,5,4,2,1973,913456.57
1368,202,1,36,3,1447.92,0,3178.72,2,3,10,4,2012,201801.28
350,124,7,32,11,744.12,0,9020.26,2,2,2,1,1950,55906.5
1061,203,3,4,6,4353.07,0,4157.1,2,3,10,4,1957,261075.56
1067,202,7,5,8,4590.33,0,6447.5,2,3,2,7,1989,937504.9
418,124,1,36,11,8953.66,0,8969.68,2,4,7,5,1989,386770.93
878,62,7,32,13,9689.09,0,4227.07,2,3,6,4,1914,310965.06
289,62,0,29,6,5262.92,0,9603.99,2,5,2,2,2008,26550.79
272,62,8,5,6,6416.3,0,4509.62,2,4,3,6,1920,126315.45
30,202,0,5,11,5198.3,0,1441.64,2,4,6,5,1942,758925.28
469,202,7,5,11,8667.84,0,270.93,2,4,6,3,1924,634573.74
1126,150,9,3,2,3202.35,0,7635.81,2,2,2,10,1903,319996.33
56,168,4,29,13,8637.62,0,2119.75,2,4,4,2,1910,179257.8
68,168,2,32,13,1986.88,0,5100.77,2,3,2,8,1901,454504.92
27,95,2,3,2,5172.2,0,966.12,2,5,5,7,1978,863996.7
1035,52,0,36,3,4645.66,0,7654.62,2,5,7,3,1984,457452.28
478,150,0,32,13,6515.42,0,4077.27,2,4,8,7,1912,116285.9
1236,62,8,4,11,8442.79,0,7820.42,2,2,10,4,2011,486774.41
932,168,5,4,2,8057.84,0,4895.62,2,2,2,6,1936,154183.26
1089,124,6,5,2,8425.91,0,3265.13,2,4,7,6,1911,145178.01
809,202,0,29,3,6570.41,0,2856.84,2,3,2,1,2000,427169.04
1282,52,8,3,8,2640.05,0,5572.72,2,5,6,1,1989,951638.55
250,95,2,5,0,624.01,0,5460.83,2,5,9,2,2009,606605.85
594,95,4,5,11,2099.48,0,3303.88,2,5,10,2,1995,372581.83
1377,202,7,29,0,3334.07,0,2106.57,2,3,9,1,1908,449721.04
1319,203,3,5,6,7413.35,0,8359.17,2,2,10,9,1965,412283.16
1316,62,3,3,11,1426.02,0,3899.54,2,5,3,6,1990,245548.77
1337,150,1,32,3,5920.98,0,9661.75,2,4,2,2,1969,330164.02
70,203,9,36,3,1640.29,0,7981.32,2,4,2,2,1935,982015.01
644,202,2,36,2,5691.03,0,8770.42,2,4,9,5,1900,292333.08
384,124,6,5,2,6502.92,0,970.9,2,3,6,6,2003,754499.57
1140,95,5,3,2,4305.94,0,9384.67,2,5,7,1,1961,936961.43
309,95,7,29,2,5608.67,0,4266.01,2,5,8,9,1961,737391.09
485,124,6,5,11,4235.33,0,7434.01,2,4,10,4,1940,436241.04
774,150,5,5,11,5002.03,0,7020.32,2,3,8,7,2001,589046.69
896,202,5,5,8,1432.72,0,1195.84,2,5,6,10,1928,80875.16
587,150,4,36,11,7641.29,0,3044.48,2,5,3,3,1934,836779.34
1302,202,1,36,0,8793.19,0,7587.37,2,2,10,1,1956,556993.11
1279,95,6,3,6,6988.91,0,6576.59,2,4,4,4,2004,294664.85
1229,202,7,32,6,76.9,0,8157.67,2,2,6,7,1989,958259.0
1244,168,4,32,6,4568.1,0,7517.35,2,3,1,3,1988,600456.78
715,52,0,32,3,2145.49,0,7063.33,2,4,3,1,1902,914267.19
727,150,0,5,6,3238.21,0,3018.89,2,3,3,4,1973,110495.16
1234,203,0,4,3,7612.38,0,2681.62,2,2,5,10,1980,25939.34
1176,150,5,3,11,3992.5,0,267.23,2,3,3,1,1901,377565.37
1211,52,2,36,13,638.07,0,8897.33,2,3,9,4,1957,611369.88
703,95,8,5,6,5330.86,0,5045.44,2,2,5,10,1966,646522.9
205,150,1,4,2,5083.12,0,7252.01,2,3,10,2,1957,162778.52
571,203,6,32,0,1853.04,0,1469.56,2,5,3,3,1913,611329.45
874,202,5,5,11,6015.3,0,8603.79,2,5,1,5,1972,866132.09
726,202,0,29,8,2202.57,0,1718.56,2,4,2,4,1959,57855.93
5,95,1,32,3,989.26,0,6614.41,2,5,4,10,1969,940619.32
1054,62,7,5,6,9962.61,0,6438.67,2,5,7,1,2001,649598.62
10,95,6,5,6,5337.6,0,8857.1,2,2,8,1,1982,560770.06
1116,62,6,4,0,9569.06,0,661.77,2,3,10,8,1919,145208.39
1307,62,9,5,8,3511.73,0,1468.56,2,3,4,10,1929,557741.37
1100,202,9,3,3,3790.67,0,4392.58,2,4,1,5,1919,446508.16
1265,52,1,36,0,6652.66,0,2200.79,2,2,2,3,1943,54699.6
815,62,9,4,2,1613.25,0,155.74,2,2,9,7,1988,555974.75
904,52,9,4,3,5516.58,0,2183.75,2,2,4,7,1938,779396.85
1185,168,4,4,6,1172.95,0,1606.84,2,3,8,7,1941,522787.1
74,150,6,3,3,8954.84,0,8860.48,2,5,3,2,1958,52157.93
52,203,7,5,0,284.2,0,748.04,2,4,8,10,1937,716308.59
1108,202,3,36,2,5856.22,0,2683.3,2,2,7,8,1962,859083.83
914,150,6,5,8,986.05,0,9634.47,2,5,3,10,1910,358311.85
775,150,7,36,3,7510.41,0,1951.0,2,3,7,2,1946,47982.31
1173,168,3,3,13,9096.53,0,2140.65,2,2,10,2,2002,233793.72
23,202,7,32,2,6346.13,0,4063.22,2,4,7,1,1914,258176.78
566,203,1,3,6,882.26,0,7226.09,2,3,9,8,1984,678687.24
1113,203,4,36,2,3404.07,0,7719.75,2,4,10,5,1981,653032.43
564,202,3,4,6,9041.52,0,3988.14,2,4,4,4,1906,849646.84
993,168,7,5,11,6626.0,0,9572.5,2,4,1,2,1922,474236.63
752,52,3,29,11,4498.32,0,4146.29,2,3,5,3,1925,69706.69
970,168,8,4,11,4544.98,0,1436.57,2,5,3,8,1952,440770.07
1133,203,5,32,11,8822.25,0,2317.86,2,2,5,7,1977,244422.98
479,95,1,32,2,9378.41,0,6981.15,2,2,8,6,2017,444318.93
765,124,2,4,13,4104.71,0,6658.45,2,5,10,6,1924,600405.99
920,52,7,4,13,7146.61,0,7323.27,2,3,4,6,1986,456359.77
858,150,5,4,2,6547.82,0,7386.3,2,3,4,10,2020,128873.07
456,168,1,29,2,3315.16,0,8573.22,2,4,1,8,1973,613547.07
1111,203,2,5,6,1239.78,0,4098.79,2,3,2,6,1996,549678.38
1253,95,9,36,6,8095.15,0,9692.18,2,5,1,2,1940,755925.26
1239,150,0,32,3,1712.85,0,3388.24,2,2,9,5,1933,284594.66
1242,124,3,32,8,9095.2,0,4147.78,2,3,6,2,2023,866910.24
307,62,9,3,6,4265.29,0,5924.32,2,5,8,5,1940,200506.4
1399,52,6,36,3,2075.74,0,7303.95,2,2,7,6,1938,836653.02
1405,203,4,29,6,6432.12,0,3977.31,2,2,8,2,1913,65487.04
76,124,4,36,3,6574.76,0,1017.8,2,3,8,9,1946,823086.9
1202,202,0,5,8,3865.92,0,2389.78,2,2,9,2,1950,668280.02
976,62,0,36,3,9769.91,0,665.09,2,4,4,2,1957,493651.15
1008,168,0,29,13,6323.94,0,7094.17,2,5,10,1,1960,730857.81
1375,52,0,36,8,8754.92,0,515.35,2,2,1,7,1940,834503.39
1311,124,4,29,2,3130.09,0,6203.21,2,5,7,7,1944,659778.07
1290,202,1,36,2,5105.3,0,1697.57,2,5,4,1,1921,706262.23
697,168,2,5,13,5260.88,0,7950.97,2,3,5,8,1914,105895.39
1096,203,9,32,8,3370.68,0,9846.13,2,4,4,9,1906,233790.54
1099,124,4,32,2,5067.09,0,7591.01,2,2,2,2,1950,556072.07
730,95,7,29,8,2771.3,0,1864.95,2,2,1,9,1998,89009.27
907,168,6,5,11,5476.3,0,1840.88,2,5,5,7,1941,492430.15
343,124,1,29,3,5247.06,0,7904.98,2,4,3,1,2016,558098.82
1161,202,1,32,2,929.37,0,109.05,2,2,9,5,1938,388198.3
701,124,8,3,11,8581.93,0,9295.22,2,2,6,8,1936,513231.43
1332,150,0,36,6,4573.37,0,7142.47,2,3,4,8,1958,811370.21
1300,203,8,29,3,8877.25,0,9361.93,2,5,5,4,1979,800242.73
353,62,7,4,3,7426.54,0,9942.98,2,3,6,9,1992,647093.43
827,95,3,29,2,3227.23,0,1922.16,2,2,2,4,2016,170516.18
537,95,8,5,11,2977.88,0,8314.62,2,5,7,5,1998,909197.08
923,168,8,5,11,5553.08,0,5851.97,2,4,6,9,2009,379292.51
200,62,5,29,0,8147.33,0,135.28,2,3,3,9,1901,224913.33
849,202,3,5,6,9684.18,0,721.94,2,4,6,9,1964,608261.78
1262,62,7,32,8,5060.36,0,4563.13,2,3,7,8,1921,159390.22
1091,52,0,32,8,1558.28,0,8494.93,2,4,4,2,1939,644884.55
1160,202,7,4,11,7861.22,0,7704.84,2,5,9,6,1937,626019.76
22,62,6,3,11,6564.72,0,6552.47,2,4,2,1,2013,664169.77
1275,52,1,32,0,1219.11,0,3275.66,2,3,6,8,1980,188728.92
491,62,9,36,11,4262.87,0,6562.36,2,4,1,4,2018,432411.18
937,124,2,4,8,8141.82,0,2942.32,2,3,9,8,1947,145056.47
1130,202,7,32,13,9667.59,0,6470.86,2,3,7,3,2004,52026.13
1219,52,5,5,2,1096.12,0,1906.28,2,4,3,3,1941,85311.45
7,124,1,3,0,6870.3,0,2635.52,2,5,1,10,1999,956123.57
523,203,3,32,3,7690.84,0,4987.08,2,2,9,6,2020,556043.91
202,202,7,36,13,8736.96,0,4327.08,2,5,4,5,1946,649624.47
759,95,5,5,13,9182.32,0,9182.67,2,5,4,7,1950,389283.32
804,150,9,5,3,1466.27,0,9238.08,2,3,10,10,2009,795224.84
530,203,8,29,11,5266.39,0,5829.25,2,4,2,10,1984,485932.23
557,202,9,5,3,1616.56,0,5591.56,2,5,5,2,1972,594674.12
510,62,8,32,8,1775.43,0,8511.85,2,5,1,7,1902,59009.1
681,124,7,3,11,4144.29,0,2494.61,2,2,8,8,1982,519699.01
1284,168,3,3,3,8933.21,0,737.12,2,5,9,6,1910,559660.58
333,62,8,29,13,2808.92,0,9436.76,2,2,4,6,1997,95056.87
818,52,5,5,0,3470.82,0,1941.13,2,2,3,7,1947,513136.54
519,62,0,4,0,9974.08,0,5186.48,2,5,5,7,2013,638913.81
1022,124,0,32,11,8615.29,0,2389.01,2,5,3,7,1982,683102.63
1183,52,3,5,6,3537.34,0,4802.03,2,3,7,10,1921,661778.49
982,202,5,29,3,8625.29,0,5232.55,2,3,9,4,1940,814698.69
1132,203,5,32,3,8845.09,0,9784.72,2,5,8,2,1903,400089.05
461,124,0,5,2,8817.27,0,1914.84,2,4,6,6,1984,620407.02
149,95,4,5,11,9739.94,0,6648.05,2,4,8,9,1996,767792.7
824,168,8,3,6,733.99,0,9565.52,2,2,8,8,1950,957902.54
871,52,8,29,0,2897.37,0,2081.77,2,2,3,7,2003,403406.01
713,168,6,4,8,8569.09,0,6668.54,2,3,9,6,1900,179630.39
595,62,9,29,0,1359.34,0,7486.66,2,3,6,5,1944,43206.72
444,124,6,32,2,7050.02,0,2690.55,2,2,4,2,1909,988734.11
389,202,0,32,2,3988.16,0,2094.04,2,2,10,7,2013,901943.77
915,202,2,32,8,4977.07,0,2538.38,2,3,2,4,1992,685221.43
1110,95,6,36,2,3462.33,0,6910.27,2,5,10,10,1959,603601.0
18,95,8,3,3,6587.82,0,6209.5,2,4,2,9,1947,335262.94
437,124,7,4,3,1966.0,0,8027.14,2,4,8,2,1919,973776.73
1378,52,5,4,3,3205.56,0,4567.21,2,5,2,9,1935,312521.34
780,168,7,4,8,9811.39,0,8801.04,2,5,6,10,1968,898615.85
844,52,7,4,11,7656.0,0,4688.99,2,5,5,9,1938,434555.63
42,52,6,36,2,7886.23,0,2120.18,2,5,2,1,1909,552631.02
934,150,2,32,8,6495.42,0,5355.09,2,2,3,7,1901,912426.69
834,168,6,4,11,2904.13,0,7448.4,2,4,4,6,1905,949283.09
908,62,6,36,0,6698.68,0,4687.32,2,3,9,10,1925,405722.44
1225,203,5,4,8,8909.08,0,1658.88,2,4,5,1,1988,352709.56
840,52,5,29,13,6106.15,0,8207.75,2,5,6,8,1948,754387.74
114,168,9,4,0,769.44,0,9658.4,2,2,8,10,1949,236266.77
464,203,5,3,0,6260.5,0,2974.95,2,4,7,10,1916,445396.81
556,203,9,36,13,1530.35,0,6340.17,2,3,3,6,1925,903238.62
1232,203,3,29,8,6450.22,0,7687.09,2,5,10,8,1991,609859.91
325,168,1,4,8,9014.0,0,9740.31,2,5,10,2,1931,697236.71
213,150,8,3,6,5315.92,0,4316.66,2,2,8,7,1917,486429.66
917,150,3,5,8,8245.03,0,6681.97,2,3,7,5,1948,499160.8
445,124,8,3,11,842.88,0,3408.43,2,4,10,9,1917,32325.18
409,168,4,5,2,3644.2,0,8701.53,2,2,7,8,1984,248870.02
358,95,8,4,13,6091.09,0,1342.18,2,5,10,8,1987,697858.83
1085,150,6,29,13,5687.9,0,9190.46,2,4,6,5,1907,507402.3
1346,203,8,5,3,4871.21,0,3576.45,2,4,4,9,1908,951768.93
1338,124,3,5,6,7421.24,0,5912.83,2,2,4,1,2020,794460.59
44,52,7,4,8,7644.51,0,1224.22,2,5,7,7,1955,25356.77
1237,168,2,29,8,4384.19,0,968.93,2,3,10,6,1959,300082.25
1084,62,7,5,6,1315.65,0,8551.42,2,3,8,5,1922,419645.57
312,95,3,29,8,2934.03,0,680.38,2,4,2,6,1931,367975.36
1151,150,4,5,3,692.95,0,8362.77,2,3,1,4,1937,153140.1
285,150,2,3,3,2109.58,0,8186.59,2,5,5,7,2021,263243.03
610,124,0,36,0,6280.62,0,6105.21,2,2,6,10,1949,804434.57
673,124,8,29,2,7925.98,0,7231.06,2,4,5,10,1985,715051.06
1189,124,9,29,11,4200.63,0,8986.08,2,5,5,8,1905,571096.5
1025,52,9,3,0,3277.03,0,1405.52,2,2,4,10,1999,430190.27
364,52,7,29,6,1063.41,0,3141.54,2,4,8,2,1948,481501.26
805,52,3,5,2,8804.54,0,1492.68,2,2,3,2,1940,558469.55
1293,202,3,3,3,6866.67,0,6959.26,2,2,9,6,1906,424182.25
1055,168,8,36,0,2975.72,0,3198.24,2,3,4,10,1963,493256.02
656,168,0,5,11,5266.68,0,7974.09,2,4,2,7,1968,218549.86
1011,150,6,36,11,8725.13,0,5361.02,2,3,4,6,1996,578480.46
1072,52,4,36,2,4199.26,0,3917.59,2,4,7,8,1987,69131.16
981,62,6,3,8,1479.98,0,1659.59,2,4,5,1,2000,533400.31
646,203,9,29,11,8548.06,0,2822.98,2,4,10,7,2018,800774.77
1345,150,4,5,8,631.64,0,7537.71,2,4,5,5,1962,274245.57
688,203,5,3,0,6980.01,0,6299.56,2,3,1,6,1973,248253.92
799,95,8,3,8,7902.4,0,133.15,2,4,1,9,1978,655820.53
1168,95,8,32,8,3001.2,0,1707.26,2,5,5,7,1984,260213.02
24,124,4,3,6,2775.77,0,1820.43,2,3,7,7,2003,219874.27
427,203,2,3,6,546.25,0,8705.03,2,4,10,9,1949,748213.57
985,95,3,3,3,4118.02,0,536.31,2,5,10,3,1926,249708.06
640,95,3,4,13,6864.24,0,4449.93,2,3,8,1,1986,606718.68
252,168,3,5,0,9620.16,0,3967.07,2,3,5,10,1954,714934.87
179,95,1,36,13,9967.09,0,1876.11,2,5,9,4,1988,233896.52
548,202,7,5,6,86.47,0,1308.55,2,5,4,9,1970,331756.83
25,203,7,5,8,8180.84,0,6412.98,2,4,1,7,1999,588796.77
1223,124,4,29,11,6979.12,0,2326.15,2,2,1,3,1960,75980.71
1384,202,7,29,2,5885.82,0,1812.31,2,5,10,7,2021,631773.91
1195,168,2,29,0,6905.0,0,5927.55,2,4,4,9,1928,808143.16
1157,124,1,29,0,2354.7,0,5382.58,2,3,7,5,1969,396194.67
770,52,3,29,13,2380.3,0,397.21,2,5,6,9,1998,679682.69
1062,168,2,5,8,1318.74,0,5968.01,2,4,10,6,1932,393212.41
459,202,7,3,3,8233.28,0,7651.9,2,4,3,7,1915,220186.12
1199,124,2,32,13,9310.85,0,8674.0,2,5,2,5,1900,636892.68
1078,62,9,29,3,7547.44,0,5959.02,2,5,6,7,1944,56141.17
1269,168,1,29,8,7819.36,0,3017.99,2,5,9,9,1940,741532.58
1174,124,3,4,3,2676.63,0,8513.92,2,2,9,4,1938,498774.68
633,203,4,32,3,8337.32,0,7562.07,2,3,9,7,2007,347591.52
973,150,8,5,11,6117.94,0,7101.64,2,2,3,1,1999,320870.91
573,203,5,4,11,748.15,0,6916.25,2,3,5,1,2009,78517.49
562,203,9,29,8,9058.09,0,8507.91,2,3,5,6,1980,519721.69
423,150,2,4,11,7178.07,0,2803.26,2,2,10,3,1915,383593.06
61,95,8,32,8,552.17,0,4676.26,2,4,3,1,1975,762355.9
1214,150,3,32,6,9543.01,0,4643.41,2,5,8,5,1902,728865.94
664,62,9,5,0,6747.74,0,4005.52,2,3,1,6,1926,660400.79
319,124,7,3,0,8329.4,0,8175.7,2,4,5,1,2000,203113.66
605,150,8,29,0,2318.84,0,3870.94,2,3,7,4,1906,863391.13
414,52,9,32,3,3995.6,0,3099.69,2,4,7,9,1900,185282.32
582,203,1,5,0,8360.85,0,4506.18,2,5,1,8,1979,143281.7
1213,52,8,32,3,2940.36,0,6469.09,2,3,10,7,1963,358281.25
35,124,5,29,0,640.73,0,6119.52,2,5,2,2,1949,968926.04
16,202,3,3,6,3067.3,0,1782.69,2,5,2,5,2023,745050.19
862,203,7,36,2,4342.37,0,8852.04,2,3,3,6,1981,920961.3
442,168,5,3,0,4094.08,0,2850.85,2,2,5,7,1916,363098.81
367,203,6,32,0,3774.68,0,8533.54,2,3,7,5,1950,435133.13
82,150,8,36,0,8160.76,0,4444.75,2,4,6,8,2010,556526.32
1070,150,8,32,11,8342.57,0,7405.36,2,3,9,2,1962,343890.68
1306,168,0,5,11,952.03,0,2118.18,2,2,9,10,1936,445666.79
1197,95,0,36,3,3367.42,0,2946.47,2,5,1,9,2022,584779.99
458,150,9,3,0,4260.84,0,3217.08,2,3,10,9,1918,833976.93
21,202,2,3,11,4414.24,0,1545.57,2,4,6,8,1941,386976.8
457,124,6,4,0,1129.37,0,5239.65,2,5,2,5,2021,536780.46
574,52,7,32,3,1727.24,0,964.45,2,5,7,10,1932,624626.43
1139,62,3,3,6,6177.43,0,3486.98,2,4,3,5,2023,36772.84
1315,62,2,32,0,1139.27,0,1993.37,2,4,2,1,1939,311383.01
602,52,6,4,13,7248.14,0,1999.26,2,2,10,4,2019,73843.97
942,95,9,3,8,4939.86,0,952.25,2,2,6,9,1983,320281.53
525,202,6,32,11,1751.73,0,7002.17,2,5,10,6,1932,575300.08
1005,52,9,5,13,8807.04,0,5490.27,2,2,9,1,1970,154311.38
856,203,6,3,6,9341.02,0,2897.26,2,4,4,9,1920,824829.19
1207,202,9,32,13,2082.67,0,9828.89,2,4,1,6,2016,677605.77
1238,202,9,29,0,484.87,0,9831.17,2,3,9,6,1954,765011.82
1349,202,2,36,2,4625.67,0,9707.65,2,4,6,5,1940,45885.6
732,95,7,36,3,3000.87,0,9763.91,2,5,5,8,1949,849830.11
777,150,4,29,11,3730.51,0,6020.64,2,3,6,7,1937,719778.13
34,62,3,32,2,9010.9,0,9314.74,2,2,9,10,1954,898798.76
742,202,8,4,11,8965.0,0,5067.83,2,4,3,1,1993,436305.64
957,62,7,5,0,8642.76,0,7613.87,2,5,1,3,1937,44059.4
374,203,5,3,6,454.17,0,7776.45,2,3,3,7,1900,52058.1
1079,168,5,5,8,7987.52,0,6921.74,2,4,6,4,2004,309844.04
867,52,5,32,3,7605.56,0,1799.92,2,5,5,5,1997,719004.28
572,203,9,36,2,1088.24,0,3913.37,2,3,4,9,1908,194997.17
440,202,8,5,2,5057.87,0,7651.02,2,5,10,10,2017,371744.85
1285,95,2,4,0,3708.07,0,9068.41,2,2,2,2,2008,688231.39
1322,62,8,36,6,2343.36,0,8547.47,2,3,10,2,1931,877963.24
800,62,0,29,13,7975.4,0,7619.28,2,4,8,10,1995,894284.46
744,168,2,3,3,5557.68,0,3519.97,2,3,7,8,1969,68039.91
927,202,6,32,8,9225.78,0,1733.32,2,3,10,7,1988,698143.06
773,203,1,4,0,7248.86,0,1046.63,2,3,3,6,1912,85950.05
702,95,1,29,13,521.29,0,3983.89,2,5,5,2,2013,237299.39
382,95,6,3,2,4896.35,0,8783.52,2,3,5,1,1903,460960.4
520,203,2,32,2,8451.43,0,6930.96,2,4,2,6,1999,438498.86
658,52,6,29,6,6475.66,0,7258.29,2,2,7,5,2014,233521.64
1393,202,4,5,8,8992.69,0,3778.58,2,4,3,3,1985,491221.11
80,124,4,5,3,1057.39,0,3922.24,2,2,8,4,1990,835520.56
391,95,2,36,0,1481.76,0,6565.92,2,4,1,4,1913,564946.29
96,203,1,29,0,5280.31,0,3171.52,2,3,7,8,1957,244044.19
922,52,7,5,11,5316.17,0,8141.99,2,2,10,5,1923,215493.18
4,202,8,4,11,8756.95,0,9763.69,2,3,3,2,1983,795381.7
624,124,7,4,13,8307.41,0,5012.72,2,5,7,9,1967,798199.32
533,52,2,36,3,996.28,0,4520.63,2,5,1,8,1983,744424.29
214,203,6,29,11,965.26,0,6870.36,2,3,9,2,1962,458998.54
696,202,1,4,0,3774.63,0,7081.65,2,4,5,9,1989,601287.38
428,95,6,3,2,5624.03,0,5887.06,2,2,8,10,1919,256359.7
792,52,5,29,6,4127.78,0,2800.98,2,3,3,2,1957,477476.63
1353,202,9,29,11,4371.51,0,2954.74,2,5,10,4,1946,533492.65
1023,62,6,32,6,8250.63,0,4823.02,2,5,10,8,1957,294670.79
314,62,9,4,8,6615.27,0,8797.96,2,5,7,3,1902,226774.57
1339,168,5,36,2,7385.56,0,5457.21,2,5,8,5,1997,880993.81
328,62,5,5,13,1658.52,0,6995.13,2,2,10,10,1956,206394.51
1208,168,6,4,13,6122.77,0,2030.97,2,3,6,10,1963,932622.19
650,95,9,3,13,8426.58,0,703.7,2,4,3,2,1933,249232.13
203,124,2,5,0,1911.6,0,6805.13,2,5,6,9,1940,722325.91
1255,203,1,3,13,9204.1,0,4595.51,2,4,5,1,1932,320761.7
565,95,9,4,6,4745.16,0,343.75,2,4,5,2,1964,933824.18
1145,124,0,3,6,5504.04,0,4734.87,2,3,6,4,1983,681414.25
1044,124,9,29,3,8381.28,0,3640.39,2,5,6,7,1948,263478.55
28,62,7,36,2,1201.68,0,1042.44,2,3,6,9,1978,838449.86
590,202,4,3,6,9816.03,0,4832.41,2,5,7,5,1962,465495.16
1357,95,7,5,13,5888.09,0,4466.61,2,5,9,10,1935,916174.97
870,168,0,32,11,7978.57,0,7274.81,2,3,2,1,2022,289190.03
1364,52,7,32,0,9261.63,0,8965.3,2,4,7,5,1934,285676.47
421,168,0,3,0,5981.83,0,4016.63,2,4,4,5,1933,69841.0
806,203,3,32,11,9346.81,0,2615.07,2,5,7,8,1973,706559.62
62,52,6,36,2,3146.13,0,504.92,2,2,1,1,1921,465670.83
2,168,3,29,0,5334.01,0,6459.74,2,4,4,3,1939,866001.97
1032,203,3,4,8,1042.65,0,9383.31,2,5,9,4,1967,325884.02
810,52,9,36,8,3641.88,0,7508.93,2,5,4,9,1950,72041.9
1366,168,4,36,11,3785.1,0,2781.48,2,4,9,8,2021,472147.62
1396,168,2,29,2,8009.99,0,2105.48,2,4,9,2,1962,455945.52
674,95,5,36,2,6249.52,0,9158.76,2,3,5,5,2016,843407.56
460,168,3,36,3,912.36,0,6011.31,2,5,9,9,1969,495519.02
699,62,6,36,0,1728.86,0,1578.27,2,5,7,10,1991,343736.43
830,124,3,3,2,5544.62,0,8082.92,2,5,10,6,1943,265319.73
59,203,0,32,6,6144.47,0,4196.19,2,2,10,9,2004,627344.65
645,124,8,4,3,5268.17,0,770.21,2,3,3,10,1987,759906.67
971,124,1,3,8,192.15,0,7715.03,2,5,2,8,2019,741693.34
1398,62,5,4,11,9959.3,0,4223.03,2,5,5,3,1946,453663.73
895,95,0,4,8,3680.93,0,3759.68,2,3,1,9,1953,375143.24
814,168,4,32,0,8771.59,0,8024.75,2,3,2,9,1918,192264.04
1257,168,2,4,8,8059.86,0,9569.72,2,2,4,3,1971,264929.76
654,168,6,5,6,7639.0,0,9642.07,2,2,1,6,1999,302681.22
271,202,9,32,2,9040.61,0,4799.38,2,5,5,3,1928,924868.58
660,203,1,4,13,6271.38,0,7061.54,2,4,5,7,1999,250992.16
991,202,8,3,3,6693.46,0,2855.42,2,2,4,2,1922,494368.33
1082,52,5,32,0,3325.27,0,7581.0,2,5,10,1,1948,884537.52
668,124,5,36,3,9026.36,0,4267.85,2,5,7,2,1970,761407.39
568,150,9,29,2,4813.29,0,3643.65,2,4,1,9,1957,157488.51
1336,202,2,36,0,8442.34,0,3866.32,2,3,3,10,1945,934454.73
1289,95,5,4,11,9982.8,0,4363.16,2,2,4,3,2010,25767.32
1041,95,1,4,2,3198.19,0,3502.29,2,2,2,8,1914,919602.03
826,202,0,5,8,8320.42,0,2194.73,2,4,2,10,1935,627276.51
1043,95,2,29,11,9376.76,0,5509.05,2,5,2,2,1945,348483.64
1086,150,8,29,11,3545.28,0,5614.99,2,5,2,3,1916,156041.46
1226,202,4,4,8,9529.0,0,4371.11,2,2,8,3,1996,92563.74
671,95,8,5,13,9711.29,0,329.39,2,5,1,5,1989,187549.97
1203,168,7,29,3,6376.84,0,3373.74,2,3,2,8,1968,236796.09
1351,52,1,32,11,9134.6,0,2161.34,2,3,5,7,1941,837787.09
87,95,6,29,8,8862.37,0,2889.03,2,2,2,9,1933,148545.46
36,202,4,36,13,6625.6,0,9068.11,2,3,5,4,1926,510706.2
254,95,9,29,8,9421.89,0,889.55,2,4,2,1,2015,672020.13
1254,52,8,4,3,2886.29,0,9453.47,2,3,5,3,1950,95722.29
641,203,4,29,3,7247.29,0,1331.32,2,3,5,10,2001,935511.87
636,168,3,5,0,5780.83,0,6724.33,2,4,7,3,2013,727528.62
1340,203,2,4,8,6432.51,0,7184.72,2,4,7,2,1987,826744.37
1294,95,5,32,13,3390.6,0,2050.62,2,5,2,4,2013,218479.52
716,150,8,4,13,3599.55,0,4387.11,2,4,3,1,1939,524074.69
711,150,0,32,2,8144.96,0,2793.72,2,2,1,3,1928,505645.96
822,203,4,4,11,7923.04,0,1208.31,2,3,2,10,1913,801276.92
318,62,2,32,11,1579.12,0,7417.02,2,3,1,9,1949,531160.75
954,168,5,29,8,5234.07,0,9116.52,2,3,3,2,2011,384370.24
1074,203,3,4,6,4996.68,0,2869.55,2,2,3,8,1950,761171.17
277,52,7,5,3,2994.19,0,3971.65,2,4,8,5,1988,923399.57
125,62,2,3,11,2604.01,0,9953.85,2,4,7,4,1994,821550.82
113,168,5,29,3,2414.23,0,8023.8,2,3,4,8,1982,115648.78
47,203,6,32,8,7470.87,0,4687.3,2,4,9,4,1992,149677.53
968,203,0,36,8,4890.45,0,8577.58,2,2,6,2,2010,976178.2
1167,124,0,5,3,6794.7,0,5100.25,2,4,5,1,2008,217899.1
996,150,3,36,13,3781.5,0,67.51,2,2,8,8,1928,539027.02
936,168,2,5,6,2136.61,0,6158.09,2,2,3,9,1994,781571.03
1326,124,0,36,8,8714.2,0,9399.01,2,4,6,4,1913,720433.7
273,52,2,4,3,4348.2,0,9650.24,2,3,5,1,1995,457412.54
1170,202,8,36,6,9860.71,0,4638.07,2,5,9,8,1996,462638.97
1412,62,2,5,3,9783.1,0,7913.7,2,5,6,5,1923,728553.0
1403,150,9,32,3,88.15,0,505.44,2,2,1,6,1992,604032.33
913,62,1,3,8,1202.33,0,6159.97,2,5,5,2,2013,580732.49
1171,52,4,36,0,788.16,0,3896.45,2,2,9,7,1958,598747.54
1058,150,2,3,8,5863.3,0,7361.09,2,3,2,10,1917,362333.72
686,95,8,3,3,57.79,0,4746.3,2,3,9,3,1946,376765.73
812,52,0,5,11,2494.9,0,2623.23,2,5,7,9,1975,238741.61
1382,150,0,5,13,4985.94,0,7124.91,2,3,4,4,2013,341592.93
84,168,5,5,8,4357.48,0,1274.14,2,4,8,1,2008,685096.98
383,203,8,29,8,5995.99,0,3585.73,2,5,5,8,2004,759973.81
1101,202,9,32,2,8046.6,0,5151.02,2,5,6,8,1967,482124.43
1063,52,1,29,11,3743.6,0,4484.78,2,4,10,1,2022,149061.7
1400,95,2,3,0,5675.58,0,8129.51,2,4,4,6,2005,611692.82
1114,203,9,4,11,9574.11,0,1512.58,2,4,5,2,2000,500613.12
918,150,0,29,11,8891.3,0,99.35,2,3,10,9,1992,465653.65
869,124,8,36,0,1914.49,0,6641.5,2,3,3,8,2023,289829.62
470,168,4,4,11,7133.77,0,7904.49,2,4,4,9,1908,190310.36
181,95,4,3,3,8650.16,0,3053.06,2,5,5,8,2009,755999.31
1019,95,2,3,8,2864.6,0,4335.42,2,4,8,1,1992,918892.25
1109,168,1,4,8,713.55,0,789.67,2,2,9,6,1957,169882.21
740,202,9,36,6,7817.5,0,836.64,2,2,9,6,2000,311347.77
1394,62,1,4,3,144.8,0,3097.88,2,3,8,6,1992,290979.42
1230,95,4,5,2,5305.15,0,4348.08,2,4,1,5,2019,920321.7
446,168,6,32,13,2202.09,0,1785.4,2,3,6,9,1905,380042.7
69,203,5,3,0,676.33,0,9975.03,2,5,1,10,2023,943740.92
1272,203,0,4,0,8082.82,0,7202.51,2,5,1,9,1932,779409.24
1156,203,3,5,6,6250.94,0,1255.39,2,5,7,6,2008,612917.68
1205,150,6,36,8,636.9,0,7322.03,2,4,4,1,1993,267719.0
1020,62,4,32,0,7187.78,0,6542.32,2,3,4,1,2010,388290.45
71,62,8,4,2,970.31,0,9966.83,2,3,6,10,1914,45198.19
402,95,3,5,11,8991.59,0,9303.46,2,5,6,8,1949,898228.47
8,52,1,4,2,1985.3,0,4657.59,2,2,2,7,1949,743479.53
1046,150,2,5,2,2455.03,0,1709.96,2,5,2,10,1957,623089.26
345,62,3,36,2,5806.2,0,6557.63,2,3,2,10,2022,575087.31
505,203,9,36,6,2347.56,0,1958.6,2,2,1,2,1986,116131.33
1142,168,5,3,13,3857.52,0,4657.97,2,3,6,5,1997,524364.19
1220,202,5,5,8,4490.45,0,2958.43,2,4,9,10,1960,254142.49
943,150,5,5,8,5066.1,0,7600.96,2,2,9,9,2003,288653.35
669,150,5,32,13,1811.98,0,219.03,2,3,4,7,1940,246344.26
502,62,9,5,13,4453.99,0,5008.74,2,5,8,9,1989,551923.96
1298,168,4,3,11,8726.79,0,6497.64,2,2,7,4,1979,686813.9
81,168,8,3,13,5371.29,0,4634.77,2,2,4,5,1995,366641.63
513,150,3,4,3,1022.64,0,3263.19,2,3,4,6,1902,383469.17
515,150,4,36,6,1766.03,0,5074.73,2,3,2,9,1918,814801.92
19,124,0,4,6,4743.58,0,5937.65,2,2,6,6,1988,677290.25
133,95,2,3,13,6454.2,0,1649.75,2,3,9,4,1930,394332.63
224,203,0,5,6,5100.56,0,2640.02,2,5,4,1,1937,746092.91
371,150,4,5,13,2284.13,0,1302.86,2,4,10,4,1947,847253.98
1191,95,6,4,13,193.82,0,4022.4,2,2,10,1,1999,459652.15
354,168,9,3,2,7962.03,0,3845.23,2,5,5,1,1987,450174.11
1190,124,0,32,3,2701.49,0,5478.74,2,5,2,1,1974,956087.45
653,168,8,32,0,8923.94,0,8436.62,2,3,4,4,1928,199002.82
963,52,2,5,11,1943.01,0,5768.41,2,3,2,7,1930,336117.29
33,62,5,3,13,5954.3,0,6881.58,2,5,5,3,1913,235420.66
1221,95,0,4,0,4821.49,0,4077.05,2,2,9,1,1910,928255.29
419,202,2,4,13,806.67,0,3272.51,2,4,1,8,2006,954337.53
1119,62,9,5,13,4739.15,0,7367.26,2,2,4,9,1908,660875.77
611,95,7,32,11,5730.59,0,7309.48,2,4,9,4,1967,681271.18
621,203,6,36,11,3203.04,0,7152.97,2,5,8,2,1971,970982.34
79,62,8,4,0,4145.87,0,530.67,2,2,2,5,1994,212702.49
750,95,7,4,2,2737.48,0,7910.31,2,5,8,3,1915,499352.9
724,168,1,4,8,7877.27,0,4649.0,2,3,7,3,2008,140186.01
832,52,2,29,6,9133.91,0,7096.31,2,2,4,6,2010,138333.03
486,124,6,29,8,5707.84,0,7479.06,2,4,4,7,1908,428389.54
1348,62,6,32,6,9142.39,0,1639.44,2,3,4,7,1943,993160.36
691,95,5,5,2,1856.61,0,6155.83,2,5,7,1,1937,978829.3
1271,203,3,29,2,5449.68,0,6093.22,2,2,6,1,1985,289440.08
450,95,6,32,8,1101.3,0,8726.43,2,3,10,6,1988,436092.67
959,124,7,3,2,3143.29,0,711.8,2,5,10,5,1959,864854.61
873,203,3,36,2,5044.57,0,8726.9,2,5,6,4,1968,811022.19
952,150,0,29,2,5514.75,0,3230.18,2,3,8,4,2002,879210.54
986,203,0,5,6,5445.59,0,2084.0,2,3,10,1,1980,573389.15
1247,124,5,36,13,313.18,0,2284.96,2,2,6,8,1949,336463.51
860,150,9,29,13,243.65,0,5353.5,2,3,7,7,1944,823613.37
559,202,8,3,13,3672.84,0,3310.59,2,3,3,6,1917,620668.33
925,203,7,3,2,3597.77,0,3443.29,2,2,4,5,2023,702300.42
1292,150,7,29,0,1620.35,0,3634.74,2,4,6,5,1957,267514.0
1352,168,1,36,13,8543.15,0,6133.44,2,4,6,3,1914,972684.38
1251,168,2,5,8,4408.53,0,114.4,2,2,2,5,1989,746238.8
552,202,1,5,6,1308.6,0,1695.65,2,3,1,7,1966,463441.9
32,52,1,3,13,544.06,0,8758.49,2,2,8,4,2016,85751.94
662,150,3,5,0,3021.4,0,5593.34,2,3,7,2,1913,594666.5
655,124,2,5,6,1894.35,0,8866.69,2,4,2,9,2008,705849.97
487,95,0,29,6,2549.28,0,8901.65,2,5,8,2,1971,421779.95
1121,52,4,32,13,5277.6,0,885.06,2,3,1,7,1929,376737.77
1188,52,2,32,8,968.39,0,4602.26,2,2,7,3,1992,106675.35
700,168,9,3,6,6872.86,0,5775.82,2,5,9,9,1955,649227.48
859,168,6,36,0,9133.95,0,8796.8,2,2,8,5,1915,150923.1
763,52,7,3,6,9091.27,0,847.56,2,3,6,10,1902,451491.32
11,203,2,5,6,9401.01,0,6908.61,2,2,10,4,1992,636313.78
558,52,8,29,6,4887.08,0,6907.79,2,2,6,10,1988,835569.74
999,202,0,3,11,7126.86,0,5970.79,2,5,1,6,1946,827837.16
64,62,0,36,2,5779.79,0,6232.27,2,5,6,7,2018,63755.75
635,62,2,32,2,3110.82,0,2967.23,2,5,5,10,1990,632342.73
484,203,0,3,0,3648.82,0,5980.71,2,5,5,5,1919,253926.45
1411,52,4,29,0,9167.6,0,1354.94,2,2,9,5,1904,715787.93
1204,52,0,29,6,2322.52,0,2461.65,2,3,7,10,1982,895182.7
468,95,8,36,2,4038.33,0,7193.67,2,5,9,5,1980,473004.49
746,95,0,29,11,5038.67,0,5178.73,2,4,1,8,1904,125095.57
785,95,9,36,3,5330.59,0,8020.3,2,3,8,5,1915,291483.95
83,202,9,32,3,1676.16,0,2571.99,2,2,8,8,1951,508016.58
1186,150,1,29,6,9272.6,0,1404.94,2,5,3,9,1974,260856.63
521,52,8,32,2,5241.7,0,4976.37,2,3,8,2,1948,859713.7
466,150,2,4,8,2288.76,0,6003.27,2,5,10,8,1927,731016.28
227,124,8,29,0,2487.78,0,5925.46,2,4,1,2,1976,175787.57
482,150,3,36,3,4534.33,0,4270.73,2,3,3,4,1976,499065.63
707,203,7,4,11,4618.26,0,3218.0,2,2,5,9,1968,244228.06
324,52,4,29,2,895.42,0,3967.21,2,3,2,4,1988,499216.16
1192,95,8,3,6,8441.31,0,3158.94,2,3,9,2,1973,933802.48
842,202,2,3,8,7926.64,0,5391.66,2,2,4,2,2014,340850.41
1320,202,5,4,13,1701.55,0,2543.31,2,3,4,2,2023,494083.91
848,202,1,3,2,6689.58,0,7838.24,2,3,8,7,1944,218468.71
182,202,9,3,6,9852.54,0,8207.83,2,5,10,1,1962,852831.4
372,62,0,29,13,8314.15,0,9725.75,2,5,4,5,1944,76134.14
1267,150,2,36,3,1731.69,0,226.84,2,2,3,5,1962,937598.59
1128,203,5,4,6,9725.53,0,9594.17,2,3,5,5,1937,96945.32
618,124,0,3,2,9282.1,0,1951.23,2,5,6,9,1988,304693.35
803,203,1,3,6,9711.81,0,6846.69,2,2,1,9,1992,143383.26
75,150,6,4,3,2047.63,0,73.89,2,2,5,6,1996,925033.31
524,52,7,36,11,4025.87,0,8857.59,2,4,6,7,1975,275140.97
435,95,0,32,2,7216.81,0,7601.11,2,3,5,1,1946,242281.31
678,168,1,5,0,4335.18,0,8633.74,2,4,4,9,2019,943466.98
865,95,3,29,3,1972.46,0,9223.09,2,3,3,6,2021,976839.22
158,202,1,36,3,8728.13,0,6480.06,2,5,9,6,1949,763266.62
1060,203,3,29,2,591.42,0,5898.38,2,4,6,1,1957,350997.3
344,150,3,29,2,9118.0,0,1133.93,2,4,1,7,1904,67008.09
1107,150,8,5,6,5468.47,0,7081.28,2,4,4,7,2017,820439.56
779,124,5,5,2,3764.16,0,7101.58,2,2,9,2,1990,747729.98
1122,150,7,5,11,576.86,0,9681.9,2,4,2,1,1953,909404.15
623,202,3,3,6,9884.29,0,3309.71,2,3,3,5,2021,664585.16
929,202,8,4,11,2884.13,0,5212.74,2,2,10,3,1926,108720.32
769,203,4,5,13,4100.9,0,3399.45,2,3,8,1,1978,566979.97
593,202,8,36,3,4070.87,0,8260.53,2,3,2,1,1988,356833.37
1210,168,1,3,2,6985.8,0,2529.37,2,3,1,1,1925,445287.96
1094,202,8,29,3,9915.83,0,7273.09,2,5,1,3,2023,711963.76
743,203,0,3,3,594.52,0,3862.88,2,5,6,8,1992,562334.21
555,203,6,29,0,3564.16,0,889.51,2,4,8,9,1964,129038.83
370,150,8,32,3,3301.55,0,2748.36,2,3,6,9,1957,624807.98
1389,168,9,4,13,2809.02,0,1839.13,2,4,3,4,1975,140504.65
1053,52,7,4,0,145.15,0,8418.72,2,5,6,8,1930,245426.42
12,52,1,4,8,5419.46,0,1063.3,2,3,7,7,1953,368302.31
933,62,2,5,11,8338.27,0,359.48,2,5,8,7,1962,389473.68
881,124,8,5,3,5993.59,0,8334.36,2,5,5,10,1922,617546.32
946,52,1,5,6,2050.69,0,4645.02,2,4,6,8,1982,296775.98
852,168,0,3,2,1028.05,0,8430.19,2,4,3,3,1971,525704.07
1115,150,7,4,6,435.13,0,659.58,2,2,7,4,2017,482647.76
1,203,7,29,13,3763.52,0,9430.22,2,2,7,4,2014,685481.98
387,150,0,29,3,86.77,0,871.04,2,5,5,2,1950,621010.72
342,202,5,29,11,1959.71,0,6569.81,2,3,9,7,2023,977342.73
493,203,3,4,13,3624.21,0,6794.39,2,4,10,2,1970,688564.33
894,150,6,32,6,5845.93,0,4703.93,2,5,6,2,1952,718717.6
355,168,3,29,2,8176.13,0,3202.38,2,5,7,2,1954,321538.25
260,168,1,29,2,3250.13,0,2519.12,2,4,10,5,1983,546139.12
1341,62,3,32,11,9418.5,0,6746.56,2,2,3,3,1978,642885.6
1374,202,9,29,0,6474.35,0,5486.48,2,5,4,7,1943,646432.86
57,52,1,32,3,7955.84,0,3897.83,2,2,7,6,1971,852695.14
617,52,8,4,2,5256.83,0,2442.84,2,3,7,8,2022,611515.19
1164,95,3,4,6,9820.08,0,8098.56,2,2,5,3,1939,64809.92
1263,95,3,5,11,8572.65,0,7041.51,2,3,10,6,1918,755444.88
1266,52,7,36,2,2417.57,0,2723.09,2,3,1,4,1934,397450.66
1261,52,8,5,3,5485.67,0,5339.11,2,2,1,7,1913,540184.12
306,203,4,3,2,1712.73,0,6796.0,2,5,9,10,1966,970305.74
58,62,6,5,3,8404.84,0,9848.55,2,2,4,10,1906,524485.23
1212,203,9,32,13,5443.18,0,8508.16,2,3,4,4,2020,319363.53
406,52,0,5,0,7342.03,0,4433.28,2,2,5,3,1923,612037.67
373,62,5,4,13,6064.89,0,9477.91,2,4,6,8,1940,658852.85
1148,124,6,4,3,3441.44,0,5654.75,2,3,7,10,2009,198018.61
1323,150,0,3,0,2650.44,0,5672.76,2,2,10,1,2001,822491.03
1280,124,9,36,8,1276.06,0,8556.95,2,4,8,2,1961,975979.82
77,202,0,5,6,5634.98,0,9376.06,2,2,9,1,1984,657359.46
698,150,3,32,3,7580.59,0,1965.63,2,3,10,3,1981,676164.59
101,150,4,32,3,7887.58,0,6415.96,2,4,3,10,1903,173423.15
1125,52,8,29,0,6449.55,0,1680.11,2,5,1,5,1909,788535.54
647,124,8,32,13,4009.68,0,4762.0,2,2,3,7,2018,489041.41
988,202,7,4,6,506.33,0,9919.41,2,3,8,6,2020,710289.23
998,95,8,4,13,906.83,0,9999.85,2,4,8,3,1965,605561.37
339,124,8,29,13,660.35,0,3139.47,2,4,2,10,1930,482102.95
121,202,9,29,13,2469.88,0,2464.78,2,5,9,5,1913,359485.8
53,203,8,36,11,8778.6,0,3157.65,2,5,4,8,2007,393288.85
813,52,5,5,13,5692.83,0,9462.26,2,5,10,8,1958,639720.07
1134,52,4,36,3,3554.93,0,9059.06,2,4,6,6,1957,473524.46
86,52,4,5,6,9598.54,0,5085.22,2,5,9,2,1971,971592.58
1370,168,1,36,11,6435.14,0,419.35,2,2,2,1,1988,126123.45
1335,202,5,4,13,5069.28,0,8136.94,2,5,9,7,1946,145006.83
583,203,2,4,3,3030.94,0,8874.21,2,4,5,10,1936,360693.19
232,150,5,3,0,4031.3,0,3624.17,2,3,9,3,1943,892640.13
1286,124,1,3,3,7894.25,0,6192.77,2,2,10,3,1996,215497.9
1088,62,6,36,8,645.25,0,2200.94,2,4,6,7,1988,524506.54
1356,95,1,29,0,5651.71,0,6571.41,2,2,8,10,1921,407216.48
1287,202,4,4,6,359.94,0,6235.84,2,3,6,10,1911,987401.78
1081,202,4,32,6,9117.42,0,3976.64,2,5,2,8,1935,130761.67
1342,124,9,29,8,1570.74,0,2090.78,2,4,6,7,1951,968206.45
1076,168,2,29,11,9137.79,0,4715.23,2,5,10,5,2008,150555.78
1150,168,4,4,0,5894.04,0,2204.0,2,3,5,3,1941,65532.26
1129,202,2,36,11,950.81,0,4561.52,2,5,6,4,1904,889126.77
401,203,7,3,13,3290.43,0,8305.2,2,3,9,8,1931,135808.32
473,95,7,3,2,2718.63,0,3235.93,2,5,2,4,1972,799182.08
951,124,9,36,2,7806.8,0,2277.18,2,4,1,9,2009,541442.49
754,124,8,4,6,4622.77,0,3694.15,2,2,4,10,1977,586529.02
15,124,1,29,6,1239.46,0,4219.41,2,4,3,4,1996,160597.76
1002,124,1,5,3,6801.07,0,8886.13,2,5,9,9,1936,706649.57
39,95,5,3,2,7315.3,0,8609.72,2,5,1,5,1973,347892.21
608,62,1,4,2,3568.59,0,4002.93,2,3,5,5,1970,922112.57
1102,202,6,36,2,9981.43,0,3480.63,2,2,10,5,1970,297815.9
712,168,0,29,3,1381.92,0,7998.87,2,5,7,7,2018,265828.83
1007,124,2,4,11,9870.54,0,9706.02,2,4,9,10,1991,72273.33
738,62,2,32,2,1668.38,0,5065.88,2,2,10,4,1989,606922.04
693,124,0,3,8,113.16,0,3253.27,2,4,3,7,2000,331901.49
1365,52,3,36,11,5791.88,0,9091.6,2,5,7,4,1938,953150.38
551,52,9,5,0,5808.43,0,3150.63,2,4,1,8,1947,299100.94
911,62,7,32,11,8168.52,0,2852.53,2,2,5,8,1936,327640.62
1112,168,4,32,6,2335.94,0,3750.67,2,5,9,6,1929,185160.98
243,124,0,29,0,9594.23,0,5083.22,2,5,2,7,1963,608013.54
901,150,3,36,0,1232.82,0,4025.78,2,4,6,9,1915,953526.28
434,168,0,4,0,328.71,0,6655.43,2,2,10,2,1946,515463.93
820,124,6,36,8,8808.34,0,9682.84,2,5,5,5,1983,810922.12
336,202,5,36,13,1947.79,0,5535.12,2,3,9,2,1903,819275.6
1386,202,0,36,8,4863.39,0,357.99,2,5,5,4,1971,382231.04
405,150,3,29,0,4623.26,0,1512.05,2,5,5,9,1934,104020.67
549,150,9,4,11,2911.65,0,4091.58,2,4,4,9,1919,958166.5
1158,124,3,29,2,449.79,0,7952.63,2,2,7,10,2006,567442.47
1392,150,0,4,0,8291.13,0,9612.53,2,4,4,3,1979,663264.32
1143,52,3,32,11,2838.44,0,2733.6,2,3,2,6,1974,651841.21
580,62,4,32,3,559.06,0,5328.5,2,3,1,9,1903,400294.62
690,168,3,5,8,3023.37,0,6988.04,2,5,7,6,1914,869115.27
1222,124,9,29,11,6453.03,0,6003.98,2,2,3,2,1973,451306.45
368,124,4,3,8,553.66,0,7598.17,2,2,8,10,1974,908782.54
543,203,3,3,0,7407.42,0,9541.07,2,2,7,10,1991,596331.68
1305,62,6,32,0,8892.5,0,1051.9,2,5,7,7,1921,287076.4
237,150,8,3,0,6701.52,0,5125.93,2,2,7,6,1978,972319.47
876,52,7,29,2,6697.75,0,5585.02,2,2,4,4,1919,653366.42
299,168,9,4,0,746.96,0,9526.38,2,3,8,5,1928,602110.26
601,168,9,32,11,5906.27,0,1528.55,2,4,6,8,1988,947269.78
424,150,8,3,2,975.44,0,3121.65,2,4,1,9,1923,844791.15
471,150,1,32,8,7829.47,0,6153.58,2,5,2,3,1944,226284.05
935,202,5,32,11,3678.29,0,7190.39,2,3,6,7,2023,183840.78
955,62,0,32,13,9072.63,0,3011.21,2,5,2,7,1963,876115.17
1388,168,6,4,3,5788.95,0,3153.21,2,5,3,2,1974,882968.73
1260,168,9,29,0,1069.58,0,9429.08,2,2,8,6,1950,322313.76
850,202,6,32,6,771.05,0,5258.14,2,3,4,3,2003,29392.85
846,203,8,29,0,7591.43,0,6627.3,2,4,10,5,1993,302192.7
508,95,7,32,13,7360.44,0,5309.48,2,2,6,6,2011,273605.74
825,168,1,3,2,5578.38,0,8954.88,2,3,9,1,1998,754030.54
1098,124,1,36,6,2769.28,0,1166.05,2,4,1,1,1982,353629.92
1372,203,5,3,3,8502.52,0,8989.77,2,4,8,5,2021,326423.27
570,203,6,29,13,6114.53,0,8504.89,2,2,9,4,2000,474835.8
157,95,0,29,0,6927.57,0,7935.97,2,3,5,1,1960,795783.86
390,202,9,3,0,736.85,0,8087.74,2,5,3,10,1926,145704.88
882,203,5,29,2,963.87,0,9826.94,2,2,8,3,1938,197180.99
0,62,4,4,0,5162.32,0,3604.71,2,4,10,8,1916,827799.51
819,150,6,5,0,1734.62,0,7981.43,2,4,8,5,1973,782657.83
1383,150,5,29,0,5124.84,0,4619.31,2,4,6,7,1901,457688.64
55,203,7,36,0,3602.0,0,3915.57,2,4,9,1,1973,122461.28
48,95,3,29,8,2150.95,0,4001.12,2,4,1,3,1964,798622.77
745,95,3,3,11,4906.59,0,1092.56,2,3,8,10,2004,721177.39
762,95,6,4,6,6797.11,0,1472.3,2,4,9,5,1924,144972.6
294,168,0,32,6,4953.78,0,6869.24,2,5,9,3,2017,718129.37
1367,62,2,29,8,3282.25,0,2748.46,2,4,3,6,1919,435535.44
622,52,1,3,11,5403.66,0,138.69,2,4,3,10,2009,733721.9
1124,150,3,5,2,1931.74,0,2737.14,2,3,3,3,1987,172282.86
1301,150,0,3,2,191.38,0,5714.06,2,4,6,8,1931,383434.74
490,150,9,3,11,7137.02,0,6117.66,2,5,10,3,1947,270259.11
679,62,7,5,0,4527.56,0,8137.22,2,2,2,10,1917,189817.7
40,52,2,32,13,9190.62,0,9658.49,2,5,8,2,1924,712584.0
597,52,4,36,6,9707.94,0,8437.8,2,4,9,7,1910,960536.17
1387,202,9,32,8,2952.76,0,4522.94,2,5,8,6,2010,272327.38
1051,52,3,5,0,9661.04,0,2803.0,2,3,5,5,2011,548183.88
1146,124,4,5,0,719.01,0,7736.32,2,4,3,2,1967,109658.17
1276,52,8,32,8,2997.11,0,1908.19,2,3,2,3,1901,117014.61
1052,124,7,36,2,4394.52,0,6662.05,2,5,2,8,1951,415936.29
643,62,3,5,6,8912.32,0,2727.93,2,2,5,3,1922,84055.69
1169,124,6,4,13,916.54,0,696.14,2,2,6,2,1927,598359.03
808,203,3,4,8,4666.62,0,2278.78,2,5,2,6,1946,86295.24
1317,62,8,32,2,1744.37,0,9845.87,2,2,7,4,1941,442297.28
218,62,2,5,6,6049.93,0,3554.58,2,4,4,2,1973,812547.72
1391,62,5,5,8,9482.73,0,3585.53,2,2,1,7,1938,947839.8
1324,62,2,4,2,8788.13,0,1820.2,2,5,7,4,1900,708280.82
966,202,8,36,0,656.07,0,5293.44,2,5,9,8,1969,740324.87
1117,203,2,5,13,2214.38,0,2532.95,2,5,6,1,2009,832888.45
1009,150,4,29,11,7923.76,0,5390.37,2,3,5,4,1998,208414.89
828,202,1,29,11,629.32,0,3526.01,2,3,1,3,1973,33928.57
958,62,6,4,6,1192.37,0,2046.86,2,2,4,5,1991,340862.54
863,203,4,29,2,9232.0,0,4468.54,2,3,1,6,1970,964509.26
67,52,9,29,0,2375.31,0,7378.26,2,2,5,3,1996,981876.82
893,202,1,4,3,4378.26,0,5463.26,2,3,5,10,1986,934347.11
26,168,1,4,6,9860.92,0,6005.11,2,4,8,2,1975,47598.92
1018,62,9,3,13,4458.31,0,6563.92,2,2,4,1,2008,741155.91
142,202,6,5,2,400.06,0,3226.98,2,2,7,9,1987,976698.13
735,202,3,5,3,2408.28,0,6980.51,2,5,8,5,1950,631347.6
321,203,9,29,3,82.1,0,4223.67,2,2,9,8,1995,439485.6
841,62,5,36,3,8376.1,0,435.46,2,5,10,9,2000,859743.0
65,124,6,29,2,2380.08,0,7882.54,2,3,3,10,1998,478829.13
554,52,9,4,0,7441.35,0,3671.54,2,4,5,6,1983,296561.62
41,203,5,32,11,9398.21,0,1529.08,2,2,10,4,2002,459773.44
412,203,2,5,6,1118.15,0,8781.12,2,2,8,9,1953,767058.15
682,95,2,36,2,4153.28,0,663.22,2,5,9,8,1993,902039.84
1308,203,5,4,6,7264.87,0,8722.37,2,4,5,7,1992,578770.41
351,203,7,4,13,1607.64,0,9560.17,2,4,10,10,1961,773721.53
961,150,3,32,8,2122.75,0,403.34,2,2,6,4,2002,490810.06
1068,202,7,3,11,7134.76,0,77.35,2,5,3,7,1979,364911.75
585,95,5,4,13,316.13,0,5477.08,2,3,1,4,1944,875726.7
394,168,0,36,11,6232.99,0,8991.93,2,5,6,1,1922,434580.95
54,168,0,3,6,5047.19,0,8055.55,2,2,8,9,1983,181479.35
1093,202,2,5,11,6062.63,0,4851.72,2,5,9,9,1900,580998.52
1037,62,2,4,2,6734.01,0,1524.06,2,2,1,8,1941,813499.12
451,202,4,5,6,3185.68,0,8093.81,2,5,4,9,1920,762444.06
173,203,4,29,11,1572.44,0,2518.24,2,2,1,4,1957,47787.44
1406,124,7,4,0,946.87,0,2380.36,2,2,4,8,1948,878932.44
1359,124,0,36,11,3949.47,0,3138.29,2,3,8,2,1908,288560.05
253,203,2,4,3,8033.48,0,8408.23,2,4,1,2,1984,966301.77
102,62,7,32,6,4149.08,0,7584.54,2,4,8,8,1934,921310.41
219,62,0,29,6,8856.87,0,2916.67,2,4,1,8,1913,210374.07
1206,95,3,5,0,9227.95,0,5230.77,2,5,8,2,1956,903866.52
648,52,6,36,8,8570.97,0,3700.92,2,4,1,9,1930,530799.35
85,168,4,5,8,9407.21,0,6025.43,2,2,6,7,1930,874178.1
987,52,6,36,3,99.45,0,8601.49,2,2,3,10,1914,410710.68
1409,95,9,32,2,199.73,0,8782.15,2,4,1,5,2002,805299.75
1361,203,8,32,2,5879.63,0,8540.83,2,2,7,7,2001,124773.03
6,62,5,36,13,7575.68,0,4012.07,2,5,9,5,1998,546640.27
297,168,6,5,3,8460.86,0,2490.36,2,3,7,6,1975,690905.64
529,124,0,29,8,7664.52,0,3864.05,2,2,5,9,1940,808640.95
661,124,4,3,2,9036.59,0,1924.97,2,4,10,3,2010,646623.36
607,124,3,4,13,8369.73,0,9174.72,2,4,5,8,2018,449796.41
974,203,4,29,8,4321.09,0,2107.43,2,4,3,6,2018,97665.04
1180,52,6,4,11,8944.15,0,5907.29,2,2,8,1,1979,548242.31
944,95,2,3,0,9937.57,0,3655.26,2,2,6,5,1917,337942.98
717,95,2,32,13,195.7,0,1144.94,2,5,7,7,1928,797959.31
1036,95,3,5,3,5351.93,0,2818.3,2,4,10,8,1941,815050.34
413,150,1,5,2,6134.81,0,6006.59,2,5,7,4,1987,197779.81
1066,168,4,4,8,2944.71,0,4182.53,2,5,4,1,1972,124841.4
235,124,2,29,6,4444.27,0,1417.98,2,3,6,5,1967,834336.35
1385,168,1,29,3,5072.73,0,6629.52,2,5,6,7,1927,931036.64
385,150,0,29,2,9182.95,0,4416.43,2,3,9,6,1945,659232.91
978,124,3,29,8,1808.26,0,5844.22,2,5,9,8,1952,330617.01
689,95,6,3,6,7051.93,0,9223.94,2,5,6,7,1919,129516.81
1299,150,6,32,3,2311.85,0,3056.72,2,4,1,10,1931,793575.46
1147,62,0,32,6,6301.23,0,9274.58,2,3,7,10,2003,900893.83
1373,203,7,36,13,7935.11,0,7069.99,2,4,3,8,1994,595467.42
1297,52,9,36,11,6580.57,0,8746.31,2,2,3,3,1994,788551.74
737,202,1,36,11,3121.74,0,6715.23,2,5,8,2,1939,800332.7
760,168,2,32,3,3686.19,0,6285.62,2,3,8,2,1960,235529.17
1354,168,8,32,3,9993.6,0,9524.96,2,5,5,3,2021,729765.22
964,124,3,3,3,1029.74,0,9082.87,2,3,1,8,1944,824972.44
439,150,2,32,13,5885.71,0,6878.27,2,3,9,9,1978,798236.87
1177,168,4,29,0,2429.86,0,9884.34,2,4,7,7,2009,386425.24
88,95,4,4,13,5708.44,0,165.87,2,5,9,1,1945,550577.83
1379,203,0,4,8,161.52,0,9644.91,2,5,5,7,1936,863867.85
1350,124,0,32,3,595.46,0,4248.84,2,4,10,1,1955,850624.95
366,95,1,5,11,3931.11,0,6300.23,2,2,6,7,1972,543270.65
20,95,7,36,8,7802.62,0,722.56,2,4,9,5,1926,949231.08
1141,52,9,3,2,6688.97,0,6442.97,2,4,10,9,1968,787399.79
1362,95,0,5,3,4360.46,0,543.19,2,2,1,2,2008,839351.34
1092,150,3,5,8,6699.04,0,9404.95,2,5,9,8,1966,939999.5
758,95,2,4,8,540.85,0,9341.34,2,5,5,2,1985,696418.29
1376,95,2,36,8,3142.09,0,4004.06,2,5,4,7,2012,97258.65
659,95,0,29,3,669.52,0,9474.39,2,2,9,7,1983,728685.03
1355,52,8,29,3,2102.44,0,2780.54,2,3,9,5,1919,589295.56
249,52,1,4,11,4520.78,0,3991.26,2,4,10,3,1998,893909.3
151,150,0,36,0,1630.58,0,9116.71,2,4,10,6,2015,574463.11
1231,150,5,4,13,8833.95,0,992.33,2,2,9,3,1971,144585.59
463,52,6,32,0,5453.59,0,4914.72,2,3,4,5,1988,176090.08
578,52,9,29,13,7289.63,0,3546.0,2,2,5,9,1946,825002.71
1369,203,9,32,6,700.42,0,4937.72,2,2,1,10,2023,833097.49
192,168,0,4,3,5789.86,0,7458.92,2,3,9,1,1986,514847.4
1194,52,4,29,13,9466.0,0,4411.11,2,3,6,10,1918,349394.57
498,124,3,3,2,3689.13,0,3029.59,2,4,7,8,2000,450528.08
1390,168,7,36,11,6376.94,0,833.76,2,4,9,4,1989,963392.95
563,52,2,5,2,7109.18,0,376.56,2,4,4,6,1932,946235.6
903,203,2,32,0,5679.89,0,3393.85,2,3,6,4,1974,404991.86
706,150,4,4,13,3812.2,0,8765.8,2,5,3,3,1941,33482.19
1056,203,4,3,0,5909.87,0,4378.35,2,4,3,3,1916,135802.41
1181,95,6,4,6,8809.44,0,3237.7,2,5,7,5,2009,145920.42
613,62,2,3,0,8106.94,0,4101.93,2,3,10,2,1950,157486.57
651,203,5,5,6,8278.7,0,3956.98,2,2,8,1,1937,67726.56
159,95,7,4,6,5631.24,0,4709.52,2,4,1,8,1967,334702.39
764,202,2,36,11,6756.85,0,8752.87,2,5,9,4,1989,652540.73
1215,62,3,5,8,5564.33,0,7746.88,2,5,6,3,2020,843524.97
956,95,9,36,2,3040.17,0,2439.62,2,4,2,8,1968,777435.86
1152,124,1,5,8,7282.57,0,5605.58,2,3,2,9,1965,384211.18
739,150,4,4,0,2269.23,0,5435.19,2,5,7,8,2009,57575.23
516,168,2,32,3,4600.82,0,6694.37,2,2,5,6,1913,366108.64
705,62,4,29,3,4308.09,0,8141.82,2,5,10,7,1966,127942.85
592,52,9,36,0,7662.0,0,8988.65,2,5,8,8,1971,425680.61
453,202,2,3,13,3927.45,0,5229.11,2,3,2,5,1969,778023.95
657,62,2,4,2,7939.09,0,9136.28,2,5,1,3,2016,261375.75
853,202,0,32,6,1558.97,0,1253.97,2,2,3,2,2000,914508.66
